ID,Model_year,Memory_GB,Storage_GB,Storage_type,Memory_type,Grade,Screen_size,Touch_screen,Price_euro
1,2018.0,16,512,SSD,DDR4,C,"15""",No,685.0
2,2021.0,8,256,SSD,DDR4,C,"16""",No,485.0
3,2022.0,16,256,SSD,DDR4,C,"15""",No,625.0
4,2021.0,32,120,HDD,DDR4,A,"15""",No,1085.0
5,2021.0,4,128,SSD,DDR4,C,"12""",No,245.0
6,2019.0,32,512,SSD,DDR4,C,"12""",No,1045.0
7,2017.0,16,1024,HDD,DDR4,C,"15""",No,635.0
8,2019.0,16,1024,HDD,DDR4,C,"15""",No,655.0
9,2021.0,8,512,SSD,DDR4,A,"15""",No,595.0
10,2020.0,4,512,HDD,DDR4,C,"15""",No,355.0
11,2016.0,16,1024,HDD,DDR4,C,"15""",No,555.0
12,2019.0,16,512,SSD,DDR4,A,"14""",No,815.0
13,2018.0,8,128,SSD,DDR4,C,"12""",No,325.0
14,2018.0,8,1024,SSD,DDR4,C,"15""",No,445.0
15,2019.0,4,128,HDD,DDR4,C,"14""",No,315.0
16,2020.0,4,256,SSD,DDR4,B,"15""",No,415.0
17,2021.0,6,1024,SSD,DDR4,C,"15""",No,485.0
18,2019.0,32,256,SSD,DDR4,A,"12""",No,1135.0
19,2020.0,16,256,HDD,DDR4,C,"15""",No,625.0
20,2021.0,16,128,HDD,DDR4,C,"16""",No,565.0
21,2022.0,4,256,HDD,DDR4,B,"12""",No,315.0
22,2016.0,12,1024,HDD,DDR4,C,"15""",No,605.0
23,2018.0,8,256,SSD,DDR4,A,"14""",No,475.0
24,2019.0,4,256,HDD,DDR4,C,"12""",No,235.0
25,2020.0,12,256,SSD,DDR4,C,"12""",Yes,415.0
26,2020.0,8,256,SSD,DDR4,C,"15""",No,425.0
27,2020.0,8,512,SSD,DDR4,A,"12""",No,465.0
28,2019.0,12,512,HDD,DDR4,C,"15""",No,585.0
29,2022.0,8,2000,SSD,DDR4,B,"15""",No,565.0
30,2017.0,32,512,HDD,DDR4,C,"15""",No,1035.0
31,2018.0,8,256,SSD,DDR4,C,"15""",No,485.0
32,2021.0,16,128,HDD,DDR4,C,"12""",No,455.0
33,2018.0,4,256,SSD,DDR4,C,"15""",No,375.0
34,2022.0,32,512,SSD,DDR4,A,"12""",No,1255.0
35,2018.0,16,256,SSD,DDR4,C,"15""",No,595.0
36,2019.0,32,1024,SSD,DDR4,,"12""",No,945.0
37,2021.0,8,256,SSD,DDR4,C,"15""",No,415.0
38,2015.0,8,1024,SSD,DDR3,C,"12""",No,395.0
39,2017.0,8,1024,HDD,DDR4,C,"15""",No,555.0
40,2016.0,16,256,HDD,DDR4,A,"14""",No,645.0
41,2014.0,8,128,SSD,DDR3,C,"15""",No,385.0
42,2017.0,8,120,HDD,DDR4,C,"12""",No,345.0
43,2021.0,12,512,HDD,DDR4,C,"12""",Yes,585.0
44,2018.0,16,256,SSD,DDR4,B,"15""",No,725.0
45,2020.0,12,512,SSD,DDR4,A,"12""",No,505.0
46,2018.0,12,2000,SSD,DDR4,C,"12""",No,555.0
47,2015.0,4,512,HDD,DDR3,C,"15""",No,265.0
48,2022.0,8,128,SSD,DDR4,A,"15""",No,465.0
49,2015.0,8,256,HDD,DDR3,C,"12""",No,305.0
50,2017.0,16,512,HDD,DDR4,C,"15""",No,555.0
51,2015.0,4,120,SSD,DDR3,C,"14""",No,285.0
52,2017.0,8,120,HDD,DDR4,A,"14""",No,475.0
53,2017.0,32,512,SSD,DDR4,C,"15""",No,905.0
54,2021.0,8,512,SSD,DDR4,A,"14""",No,465.0
55,2021.0,8,256,HDD,DDR4,C,"16""",Yes,525.0
56,2024.0,8,256,SSD,DDR4,A,"12""",No,435.0
57,2019.0,32,128,SSD,DDR4,C,"14""",No,835.0
58,2017.0,16,2000,SSD,DDR4,C,"12""",No,615.0
59,2016.0,4,256,HDD,DDR4,B,"15""",No,395.0
60,2017.0,16,256,HDD,DDR4,C,"15""",No,625.0
61,2017.0,12,256,HDD,DDR4,A,"15""",No,655.0
62,2018.0,16,256,SSD,DDR4,A,"15""",No,815.0
63,2019.0,16,512,SSD,DDR4,A,"14""",No,595.0
64,2021.0,8,512,HDD,DDR4,A,"15""",No,495.0
65,2020.0,8,256,SSD,DDR4,C,"14""",Yes,535.0
66,2019.0,16,128,SSD,DDR4,C,"14""",No,605.0
67,2020.0,8,256,SSD,DDR4,A,"15""",No,585.0
68,2018.0,12,256,SSD,DDR4,C,"15""",No,475.0
69,2018.0,16,256,SSD,DDR4,C,"14""",No,605.0
70,2017.0,12,2000,SSD,DDR4,C,"15""",No,565.0
71,2019.0,8,256,SSD,DDR4,C,"12""",No,335.0
72,2023.0,16,256,HDD,DDR4,A,"15""",Yes,825.0
73,2019.0,32,120,SSD,DDR4,C,"16""",No,1215.0
74,2019.0,8,512,SSD,DDR4,C,"15""",No,465.0
75,2017.0,8,512,SSD,DDR4,C,"12""",No,345.0
76,2019.0,16,256,SSD,DDR4,C,"12""",No,695.0
77,2022.0,8,512,SSD,DDR4,C,"12""",No,425.0
78,2017.0,8,1024,HDD,DDR4,C,"14""",No,495.0
79,2016.0,8,256,HDD,DDR4,C,"12""",No,395.0
80,2018.0,8,256,HDD,DDR4,C,"15""",No,465.0
81,2019.0,8,2000,SSD,DDR4,A,"15""",No,615.0
82,2021.0,8,256,SSD,DDR4,C,"15""",No,495.0
83,2019.0,6,1024,HDD,DDR4,C,"14""",No,395.0
84,2019.0,16,512,SSD,DDR4,C,"14""",No,585.0
85,2020.0,4,128,SSD,DDR4,B,"15""",No,395.0
86,2020.0,8,512,SSD,DDR4,C,"12""",No,485.0
87,2020.0,8,2000,SSD,DDR4,A,"16""",No,635.0
88,2022.0,32,512,SSD,DDR4,A,"15""",Yes,1305.0
89,2021.0,4,512,SSD,DDR4,A,"15""",No,495.0
90,2018.0,4,1024,HDD,DDR4,C,"14""",No,385.0
91,2019.0,32,512,HDD,DDR4,C,"15""",No,895.0
92,2019.0,4,256,HDD,DDR4,C,"15""",No,385.0
93,2021.0,4,128,SSD,DDR4,A,"16""",No,455.0
94,2019.0,4,256,SSD,DDR4,A,"12""",No,295.0
95,2017.0,8,512,SSD,DDR4,C,"14""",No,425.0
96,2019.0,8,512,SSD,DDR4,C,"15""",No,485.0
97,2022.0,4,256,SSD,DDR4,A,"15""",No,465.0
98,2022.0,16,256,SSD,DDR4,C,"14""",No,595.0
99,2019.0,8,512,SSD,DDR4,B,"15""",No,565.0
100,2020.0,16,256,SSD,DDR4,C,"12""",No,675.0
101,2019.0,8,256,SSD,DDR4,C,"15""",No,515.0
102,2020.0,8,128,SSD,DDR4,C,"15""",Yes,565.0
103,2022.0,4,256,SSD,DDR4,A,"14""",No,365.0
104,2022.0,8,256,SSD,DDR4,C,"14""",No,425.0
105,2016.0,12,2000,HDD,DDR4,A,"15""",No,725.0
106,2019.0,8,512,SSD,DDR4,C,"15""",No,455.0
107,2018.0,8,2000,HDD,DDR4,A,"14""",No,505.0
108,2018.0,8,128,SSD,DDR4,A,"14""",No,445.0
109,2020.0,32,256,SSD,DDR4,C,"12""",No,905.0
110,2020.0,8,256,SSD,DDR4,C,"12""",No,375.0
111,2021.0,32,512,SSD,DDR4,A,"12""",No,1315.0
112,2019.0,16,128,SSD,DDR4,C,"15""",No,645.0
113,2021.0,8,2000,SSD,DDR4,C,"15""",No,585.0
114,2020.0,8,512,SSD,DDR4,C,"14""",Yes,565.0
115,2016.0,16,256,SSD,DDR4,A,"14""",No,715.0
116,2017.0,8,1024,SSD,DDR4,C,"12""",No,455.0
117,2020.0,4,512,HDD,DDR4,C,"14""",No,325.0
118,2018.0,16,256,HDD,DDR4,,"15""",No,725.0
119,2018.0,8,256,SSD,DDR4,C,"15""",No,415.0
120,2015.0,8,512,SSD,DDR3,C,"15""",No,375.0
121,2017.0,16,256,HDD,DDR4,C,"15""",No,645.0
122,2019.0,4,256,SSD,DDR4,A,"12""",No,335.0
123,2019.0,4,120,HDD,DDR4,A,"15""",No,385.0
124,2022.0,8,512,HDD,DDR4,A,"12""",No,465.0
125,2020.0,16,128,SSD,DDR4,A,"12""",No,595.0
126,2020.0,16,512,SSD,DDR4,C,"12""",No,575.0
127,2019.0,8,120,SSD,DDR4,C,"15""",No,435.0
128,2022.0,32,256,SSD,DDR4,C,"15""",No,1035.0
129,2017.0,8,512,HDD,DDR4,C,"15""",No,395.0
130,2016.0,32,256,HDD,DDR4,C,"15""",No,875.0
131,2018.0,8,128,SSD,DDR4,C,"15""",No,475.0
132,2015.0,8,512,SSD,DDR3,C,"15""",No,425.0
133,2019.0,4,256,SSD,DDR4,C,"12""",No,285.0
134,2019.0,16,512,SSD,DDR4,A,"15""",No,735.0
135,2020.0,8,256,SSD,DDR4,C,"12""",Yes,425.0
136,2019.0,32,512,SSD,DDR4,C,"16""",No,925.0
137,2019.0,8,512,SSD,DDR4,A,"12""",No,405.0
138,2024.0,8,256,SSD,DDR4,A,"14""",No,505.0
139,2019.0,8,256,SSD,DDR4,C,"14""",No,375.0
140,2019.0,12,128,SSD,DDR4,A,"14""",No,585.0
141,2021.0,8,256,HDD,DDR4,B,"15""",No,525.0
142,2019.0,16,120,SSD,DDR4,C,"15""",No,675.0
143,2019.0,8,256,SSD,DDR4,C,"14""",No,415.0
144,2021.0,8,1024,SSD,DDR4,B,"16""",No,595.0
145,2015.0,8,128,SSD,DDR3,C,"15""",No,405.0
146,2019.0,8,256,SSD,DDR4,C,"15""",No,435.0
147,2023.0,12,512,HDD,DDR4,A,"14""",No,655.0
148,2021.0,8,256,HDD,DDR4,A,"12""",No,435.0
149,2019.0,16,256,SSD,DDR4,B,"14""",No,715.0
150,2019.0,4,256,SSD,DDR4,A,"12""",No,265.0
151,2020.0,8,128,SSD,DDR4,A,"14""",No,565.0
152,2014.0,16,2000,SSD,DDR3,C,"12""",No,585.0
153,2020.0,4,512,SSD,DDR4,C,"12""",No,275.0
154,2019.0,16,2000,SSD,DDR4,A,"14""",No,855.0
155,2017.0,16,256,HDD,DDR4,A,"12""",No,695.0
156,2020.0,8,256,SSD,DDR4,A,"14""",No,555.0
157,2016.0,6,128,SSD,DDR4,C,"14""",No,315.0
158,2021.0,32,512,SSD,DDR4,C,"12""",Yes,1185.0
159,2021.0,8,256,SSD,DDR4,C,"14""",Yes,575.0
160,2022.0,8,128,HDD,DDR4,C,"15""",No,425.0
161,2021.0,8,256,SSD,DDR4,A,"16""",No,625.0
162,2019.0,8,128,SSD,DDR4,B,"14""",No,415.0
163,2018.0,32,256,HDD,DDR4,C,"15""",No,1005.0
164,2021.0,8,256,SSD,DDR4,C,"14""",No,495.0
165,2018.0,4,256,SSD,DDR4,A,"15""",No,415.0
166,2022.0,16,256,SSD,DDR4,B,"12""",No,605.0
167,2023.0,8,128,SSD,DDR4,B,"14""",No,465.0
168,2019.0,16,512,SSD,DDR4,A,"12""",No,835.0
169,2017.0,12,120,HDD,DDR4,C,"12""",No,455.0
170,2020.0,8,512,SSD,DDR4,A,"15""",No,445.0
171,2019.0,8,128,HDD,DDR4,C,"14""",No,315.0
172,2023.0,8,1024,HDD,DDR4,A,"14""",No,555.0
173,2019.0,12,2000,SSD,DDR4,B,"15""",No,615.0
174,2018.0,8,256,SSD,DDR4,C,"15""",No,495.0
175,2021.0,8,128,SSD,DDR4,C,"12""",No,445.0
176,2016.0,4,1024,SSD,DDR4,C,"14""",No,405.0
177,2015.0,16,512,HDD,DDR3,C,"12""",No,425.0
178,2019.0,32,512,HDD,DDR4,C,"15""",No,955.0
179,2016.0,8,128,HDD,DDR4,C,"15""",No,395.0
180,2023.0,32,512,SSD,DDR4,B,"15""",Yes,1325.0
181,2019.0,8,256,SSD,DDR4,B,"15""",No,445.0
182,2020.0,12,1024,HDD,DDR4,C,"15""",No,495.0
183,2018.0,16,512,HDD,DDR4,B,"15""",No,745.0
184,2021.0,32,256,SSD,DDR4,B,"16""",Yes,1025.0
185,2020.0,6,512,SSD,DDR4,C,"15""",No,415.0
186,2021.0,8,512,SSD,DDR4,C,"14""",Yes,455.0
187,2024.0,6,256,HDD,DDR4,A,"14""",No,395.0
188,2021.0,32,256,HDD,DDR4,A,"12""",No,1235.0
189,2017.0,8,256,HDD,DDR4,C,"15""",No,365.0
190,2020.0,8,120,SSD,DDR4,A,"16""",No,455.0
191,2016.0,4,256,SSD,DDR4,C,"14""",No,355.0
192,2017.0,16,256,HDD,DDR4,A,"12""",No,565.0
193,2021.0,4,1024,SSD,DDR4,C,"15""",No,375.0
194,2017.0,8,1024,HDD,DDR4,C,"12""",No,345.0
195,2020.0,8,128,SSD,DDR4,C,"14""",No,455.0
196,2016.0,8,512,HDD,DDR4,C,"15""",No,375.0
197,2017.0,8,512,HDD,DDR4,C,"15""",No,475.0
198,,8,256,SSD,DDR4,C,"12""",Yes,425.0
199,2022.0,12,128,SSD,DDR4,A,"14""",No,565.0
200,2014.0,8,256,HDD,DDR3,C,"14""",No,305.0
201,2018.0,8,256,SSD,DDR4,C,"14""",No,435.0
202,2017.0,8,512,HDD,DDR4,C,"14""",No,405.0
203,2017.0,16,120,HDD,DDR4,A,"14""",No,735.0
204,2020.0,8,256,SSD,DDR4,B,"12""",No,325.0
205,2018.0,32,1024,SSD,DDR4,C,"12""",No,845.0
206,2022.0,16,256,SSD,DDR4,C,"15""",No,635.0
207,,16,512,SSD,DDR4,A,"14""",Yes,755.0
208,2015.0,4,256,HDD,DDR3,C,"14""",No,255.0
209,2017.0,8,512,HDD,DDR4,C,"15""",No,415.0
210,2018.0,16,128,SSD,DDR4,C,"14""",No,525.0
211,2019.0,16,512,SSD,DDR4,A,"14""",No,735.0
212,2018.0,8,2000,HDD,DDR4,C,"15""",No,485.0
213,2019.0,32,512,SSD,DDR4,C,"15""",No,1075.0
214,2018.0,4,512,SSD,DDR4,C,"14""",No,285.0
215,2018.0,32,512,SSD,DDR4,C,"12""",No,1135.0
216,2021.0,8,256,SSD,DDR4,A,"15""",No,565.0
217,2018.0,8,128,SSD,DDR4,C,"15""",No,485.0
218,2017.0,16,256,HDD,DDR4,A,"15""",No,705.0
219,2018.0,8,256,SSD,DDR4,B,"15""",No,515.0
220,2021.0,4,512,HDD,DDR4,,"14""",No,455.0
221,2018.0,8,256,HDD,DDR4,C,"15""",No,425.0
222,2020.0,16,256,HDD,DDR4,B,"15""",Yes,825.0
223,2020.0,32,256,HDD,DDR4,C,"12""",No,915.0
224,2014.0,16,256,HDD,DDR3,C,"15""",No,405.0
225,2021.0,8,512,SSD,DDR4,C,"15""",No,475.0
226,2020.0,8,256,SSD,DDR4,A,"15""",Yes,575.0
227,2021.0,8,2000,SSD,DDR4,A,"14""",No,515.0
228,2019.0,16,512,HDD,DDR4,C,"15""",No,665.0
229,2019.0,4,256,SSD,DDR4,A,"14""",No,315.0
230,2016.0,8,128,HDD,DDR4,C,"15""",No,425.0
231,2022.0,16,256,SSD,DDR4,B,"15""",No,705.0
232,2020.0,8,512,SSD,DDR4,A,"14""",No,565.0
233,2018.0,4,256,SSD,DDR4,C,"14""",No,315.0
234,2019.0,6,512,SSD,DDR4,B,"15""",No,475.0
235,2016.0,4,512,SSD,DDR4,C,"15""",No,395.0
236,2019.0,12,512,SSD,DDR4,C,"14""",No,435.0
237,2020.0,8,2000,SSD,DDR4,C,"14""",No,455.0
238,2018.0,16,512,SSD,DDR4,C,"14""",No,595.0
239,2019.0,4,1024,SSD,DDR4,C,"14""",No,405.0
240,2020.0,4,256,SSD,DDR4,A,"12""",No,285.0
241,2020.0,4,256,SSD,DDR4,A,"12""",No,295.0
242,2021.0,16,256,SSD,DDR4,A,"14""",No,745.0
243,2021.0,16,512,SSD,DDR4,C,"14""",Yes,725.0
244,2021.0,8,2000,SSD,DDR4,C,"12""",Yes,605.0
245,2019.0,32,256,SSD,DDR4,C,"15""",No,955.0
246,2021.0,8,256,SSD,DDR4,A,"14""",No,555.0
247,2019.0,32,256,SSD,DDR4,A,"14""",No,1265.0
248,2021.0,8,1024,SSD,DDR4,A,"12""",No,525.0
249,2020.0,8,512,SSD,DDR4,C,"15""",Yes,515.0
250,2021.0,12,512,SSD,DDR4,A,"14""",Yes,575.0
251,2021.0,8,512,SSD,DDR4,C,"14""",No,445.0
252,2021.0,16,256,SSD,DDR4,A,"14""",Yes,705.0
253,2020.0,4,256,SSD,DDR4,C,"15""",No,415.0
254,2019.0,4,256,SSD,DDR4,A,"16""",No,435.0
255,2017.0,8,128,SSD,DDR4,C,"15""",No,345.0
256,2019.0,16,120,SSD,DDR4,A,"15""",No,745.0
257,2018.0,8,256,SSD,DDR4,C,"15""",No,395.0
258,2019.0,16,2000,SSD,DDR4,A,"14""",No,745.0
259,2020.0,32,120,SSD,DDR4,B,"14""",Yes,995.0
260,2020.0,8,512,SSD,DDR4,A,"12""",No,545.0
261,2020.0,8,1024,SSD,DDR4,A,"12""",No,535.0
262,2019.0,8,2000,SSD,DDR4,C,"15""",No,535.0
263,2018.0,8,512,SSD,DDR4,C,"12""",No,385.0
264,2019.0,8,1024,SSD,DDR4,B,"14""",No,525.0
265,2021.0,32,512,SSD,DDR4,C,"16""",Yes,1295.0
266,2019.0,8,128,HDD,DDR4,C,"14""",No,425.0
267,2017.0,32,512,SSD,DDR4,C,"12""",No,1045.0
268,2018.0,8,512,SSD,DDR4,C,"15""",No,455.0
269,2016.0,8,128,HDD,DDR4,C,"14""",No,395.0
270,2019.0,8,128,SSD,DDR4,C,"15""",No,495.0
271,2023.0,16,256,SSD,DDR4,C,"12""",No,525.0
272,2017.0,4,256,HDD,DDR4,C,"15""",No,395.0
273,2022.0,4,512,HDD,DDR4,A,"12""",No,345.0
274,2019.0,16,512,SSD,DDR4,B,"12""",No,685.0
275,2018.0,8,256,HDD,DDR4,C,"15""",No,375.0
276,2017.0,16,128,SSD,DDR4,C,"15""",No,675.0
277,2017.0,8,256,SSD,DDR4,C,"14""",No,435.0
278,2019.0,8,256,SSD,DDR4,A,"14""",No,555.0
279,2020.0,16,512,SSD,DDR4,C,"12""",No,715.0
280,2024.0,4,128,SSD,DDR4,A,"16""",No,485.0
281,2018.0,8,1024,SSD,DDR4,B,"12""",No,545.0
282,2022.0,16,1024,SSD,DDR4,A,"14""",No,765.0
283,2017.0,8,512,SSD,DDR4,B,"14""",No,465.0
284,2022.0,16,512,SSD,DDR4,C,"14""",No,495.0
285,2017.0,6,512,SSD,DDR4,C,"15""",No,465.0
286,2018.0,8,512,SSD,DDR4,C,"14""",No,385.0
287,2019.0,16,128,HDD,DDR4,A,"12""",No,765.0
288,2021.0,8,512,SSD,DDR4,C,"14""",No,385.0
289,2016.0,16,256,HDD,DDR4,C,"14""",No,645.0
290,2016.0,16,256,HDD,DDR4,C,"12""",No,535.0
291,2016.0,32,256,SSD,DDR4,C,"12""",No,1055.0
292,2018.0,16,512,SSD,DDR4,A,"12""",No,685.0
293,2022.0,16,128,SSD,DDR4,B,"16""",No,795.0
294,2019.0,32,512,SSD,DDR4,B,"16""",No,1095.0
295,2020.0,4,256,SSD,DDR4,C,"15""",No,355.0
296,2019.0,6,256,SSD,DDR4,A,"15""",No,435.0
297,2022.0,32,1024,SSD,DDR4,A,"12""",No,1275.0
298,2023.0,4,256,HDD,DDR4,A,"12""",No,295.0
299,2018.0,16,256,SSD,DDR4,A,"15""",No,775.0
300,2018.0,12,120,SSD,DDR4,C,"12""",No,385.0
301,2019.0,8,128,SSD,DDR4,C,"14""",No,445.0
302,2017.0,8,512,HDD,DDR4,A,"14""",No,535.0
303,,4,256,SSD,DDR4,B,"15""",No,365.0
304,2016.0,32,256,SSD,DDR4,C,"14""",No,1075.0
305,2020.0,16,512,SSD,DDR4,A,"15""",No,905.0
306,2016.0,16,256,SSD,DDR4,C,"14""",No,625.0
307,2015.0,12,256,HDD,DDR3,C,"14""",No,365.0
308,2016.0,4,256,HDD,DDR4,C,"14""",No,325.0
309,2017.0,8,512,HDD,DDR4,C,"14""",No,415.0
310,2023.0,8,512,SSD,DDR4,B,"12""",No,375.0
311,2020.0,8,128,SSD,DDR4,B,"16""",No,515.0
312,2023.0,32,120,SSD,DDR4,B,"14""",No,1055.0
313,2017.0,16,256,SSD,DDR4,C,"12""",No,465.0
314,2018.0,16,1024,SSD,DDR4,C,"15""",No,625.0
315,2019.0,16,512,HDD,DDR4,B,"12""",No,645.0
316,2018.0,8,512,SSD,DDR4,C,"15""",No,435.0
317,2018.0,12,512,HDD,DDR4,C,"14""",No,565.0
318,2016.0,6,120,SSD,DDR4,C,"15""",No,375.0
319,2019.0,16,512,SSD,DDR4,C,"14""",No,585.0
320,2018.0,16,1024,SSD,DDR4,C,"15""",No,605.0
321,2016.0,4,256,SSD,DDR4,C,"15""",No,355.0
322,2020.0,8,512,SSD,DDR4,C,"12""",No,405.0
323,2019.0,8,512,SSD,DDR4,C,"16""",No,475.0
324,2017.0,4,512,HDD,DDR4,C,"15""",No,345.0
325,2018.0,8,120,SSD,DDR4,A,"15""",No,525.0
326,2020.0,8,128,SSD,DDR4,C,"16""",No,465.0
327,2018.0,32,512,HDD,DDR4,A,"12""",No,1315.0
328,2016.0,32,256,SSD,DDR4,C,"15""",No,1115.0
329,2021.0,8,1024,SSD,DDR4,A,"12""",No,425.0
330,2020.0,32,128,SSD,DDR4,C,"12""",No,815.0
331,2020.0,4,256,SSD,DDR4,C,"14""",No,335.0
332,2018.0,4,256,HDD,DDR4,C,"15""",No,345.0
333,2021.0,16,128,HDD,DDR4,C,"14""",No,485.0
334,2022.0,8,256,HDD,DDR4,B,"14""",Yes,515.0
335,2024.0,16,256,SSD,DDR4,C,"15""",No,705.0
336,2020.0,4,256,SSD,DDR4,A,"12""",No,345.0
337,2021.0,16,256,SSD,DDR4,C,"15""",No,545.0
338,2017.0,8,512,SSD,DDR4,C,"12""",No,395.0
339,2020.0,8,128,HDD,DDR4,C,"15""",No,485.0
340,2017.0,32,512,SSD,DDR4,C,"15""",No,975.0
341,2019.0,32,256,HDD,DDR4,,"15""",No,895.0
342,2021.0,4,128,SSD,DDR4,A,"12""",No,295.0
343,2021.0,8,2000,SSD,DDR4,A,"14""",No,515.0
344,2024.0,12,256,SSD,DDR4,A,"15""",No,575.0
345,2014.0,8,256,SSD,DDR3,C,"14""",No,375.0
346,2018.0,32,256,SSD,DDR4,A,"14""",No,1135.0
347,2018.0,12,256,SSD,DDR4,C,"14""",No,455.0
348,2020.0,16,512,SSD,DDR4,A,"14""",Yes,775.0
349,2020.0,8,120,HDD,DDR4,A,"15""",No,495.0
350,2019.0,32,256,HDD,DDR4,A,"15""",No,1015.0
351,2017.0,8,256,HDD,DDR4,C,"12""",No,325.0
352,2021.0,8,256,HDD,DDR4,C,"15""",No,495.0
353,2017.0,8,256,SSD,DDR4,C,"12""",No,315.0
354,2022.0,16,1024,HDD,DDR4,B,"14""",No,685.0
355,2022.0,8,256,SSD,DDR4,A,"14""",No,485.0
356,2018.0,16,256,HDD,DDR4,C,"14""",No,585.0
357,2021.0,4,1024,SSD,DDR4,B,"16""",No,455.0
358,2020.0,32,2000,SSD,DDR4,A,"15""",No,1155.0
359,2019.0,16,256,SSD,DDR4,C,"12""",No,465.0
360,2020.0,8,2000,SSD,DDR4,C,"15""",Yes,535.0
361,2018.0,32,1024,SSD,DDR4,C,"14""",No,995.0
362,2022.0,8,120,HDD,DDR4,C,"12""",No,335.0
363,2019.0,16,512,SSD,DDR4,C,"15""",No,705.0
364,2022.0,8,512,SSD,DDR4,C,"15""",No,465.0
365,2018.0,6,256,HDD,DDR4,C,"12""",No,335.0
366,2023.0,8,512,SSD,DDR4,A,"15""",Yes,595.0
367,2017.0,8,256,HDD,DDR4,C,"15""",No,365.0
368,,4,128,SSD,DDR4,C,"15""",No,315.0
369,2020.0,12,512,SSD,DDR4,A,"16""",Yes,805.0
370,2021.0,32,120,HDD,DDR4,B,"15""",Yes,1185.0
371,2020.0,6,256,SSD,DDR4,C,"15""",No,395.0
372,2018.0,32,1024,SSD,DDR4,B,"12""",No,1135.0
373,2019.0,8,1024,SSD,DDR4,C,"15""",No,495.0
374,2018.0,12,256,SSD,DDR4,C,"15""",No,515.0
375,2016.0,8,128,SSD,DDR4,C,"15""",No,435.0
376,2019.0,32,512,SSD,DDR4,C,"14""",No,915.0
377,2019.0,8,120,SSD,DDR4,C,"12""",No,345.0
378,2016.0,8,256,HDD,DDR4,C,"12""",No,445.0
379,2015.0,16,256,HDD,DDR3,C,"14""",No,465.0
380,2019.0,4,256,SSD,DDR4,C,"12""",No,235.0
381,2017.0,32,1024,HDD,DDR4,C,"12""",No,1115.0
382,2018.0,8,128,SSD,DDR4,C,"15""",No,475.0
383,2022.0,8,2000,SSD,DDR4,A,"16""",No,625.0
384,2017.0,16,512,SSD,DDR4,C,"15""",No,695.0
385,2021.0,8,512,SSD,DDR4,A,"16""",No,555.0
386,2020.0,8,256,SSD,DDR4,A,"16""",No,565.0
387,2019.0,8,128,HDD,DDR4,C,"16""",No,455.0
388,2021.0,8,256,SSD,DDR4,C,"15""",No,435.0
389,2022.0,16,512,HDD,DDR4,B,"15""",No,725.0
390,2016.0,4,512,SSD,DDR4,C,"12""",No,265.0
391,2019.0,8,1024,SSD,DDR4,C,"14""",No,505.0
392,2019.0,4,1024,SSD,DDR4,B,"15""",No,395.0
393,2018.0,16,120,HDD,DDR4,C,"14""",No,635.0
394,2018.0,8,128,SSD,DDR4,C,"12""",No,375.0
395,2018.0,4,1024,HDD,DDR4,B,"14""",No,365.0
396,2016.0,8,128,HDD,DDR4,C,"15""",No,395.0
397,2018.0,8,512,SSD,DDR4,C,"14""",No,405.0
398,2019.0,4,256,SSD,DDR4,C,"15""",No,385.0
399,2016.0,32,128,SSD,DDR4,C,"15""",No,1005.0
400,2019.0,8,128,SSD,DDR4,B,"12""",No,435.0
401,2019.0,4,256,SSD,DDR4,B,"15""",No,425.0
402,2017.0,4,512,HDD,DDR4,C,"12""",No,235.0
403,2016.0,8,256,HDD,DDR4,C,"15""",No,435.0
404,2016.0,8,512,HDD,DDR4,C,"14""",No,425.0
405,2019.0,8,512,SSD,DDR4,A,"15""",No,485.0
406,2019.0,16,1024,SSD,DDR4,C,"12""",No,665.0
407,2021.0,32,512,HDD,DDR4,C,"15""",No,895.0
408,2021.0,4,512,SSD,DDR4,B,"15""",No,425.0
409,2015.0,32,256,HDD,DDR3,C,"14""",No,685.0
410,2020.0,8,128,SSD,DDR4,A,"12""",No,385.0
411,2018.0,8,1024,HDD,DDR4,C,"12""",No,395.0
412,2017.0,8,512,SSD,DDR4,C,"15""",No,455.0
413,2019.0,8,256,SSD,DDR4,C,"14""",No,475.0
414,2019.0,8,512,SSD,DDR4,,"12""",No,445.0
415,2018.0,8,512,SSD,DDR4,A,"15""",No,505.0
416,2015.0,16,512,HDD,DDR3,B,"12""",No,385.0
417,2021.0,16,256,SSD,DDR4,C,"14""",No,615.0
418,2020.0,8,256,SSD,DDR4,C,"15""",No,415.0
419,2016.0,8,256,SSD,DDR4,C,"12""",No,305.0
420,2020.0,32,512,SSD,DDR4,A,"12""",Yes,1245.0
421,2020.0,8,256,HDD,DDR4,A,"14""",No,525.0
422,2017.0,8,120,HDD,DDR4,C,"15""",No,515.0
423,2017.0,16,256,HDD,DDR4,B,"15""",No,635.0
424,2018.0,16,128,SSD,DDR4,C,"12""",No,555.0
425,2019.0,4,512,HDD,DDR4,C,"16""",No,385.0
426,2023.0,4,256,SSD,DDR4,A,"12""",No,315.0
427,2021.0,16,128,SSD,DDR4,C,"15""",Yes,805.0
428,2021.0,16,128,HDD,DDR4,B,"12""",No,615.0
429,2019.0,32,1024,SSD,DDR4,C,"15""",No,1025.0
430,2019.0,8,512,SSD,DDR4,A,"15""",No,605.0
431,2022.0,4,256,SSD,DDR4,B,"15""",No,345.0
432,2018.0,6,256,SSD,DDR4,C,"14""",No,415.0
433,2016.0,16,256,SSD,DDR4,C,"14""",No,605.0
434,2017.0,16,512,HDD,DDR4,C,"15""",No,615.0
435,2019.0,8,256,SSD,DDR4,C,"14""",No,415.0
436,2021.0,8,512,SSD,DDR4,A,"14""",No,515.0
437,2020.0,16,256,SSD,DDR4,A,"15""",No,835.0
438,2019.0,16,128,SSD,DDR4,B,"12""",No,585.0
439,2019.0,16,256,SSD,DDR4,C,"12""",No,585.0
440,2021.0,8,256,SSD,DDR4,A,"14""",No,455.0
441,2020.0,4,512,SSD,DDR4,A,"12""",No,425.0
442,2015.0,16,256,SSD,DDR3,C,"15""",No,555.0
443,2021.0,8,128,SSD,DDR4,A,"12""",Yes,475.0
444,2017.0,16,128,HDD,DDR4,A,"14""",No,715.0
445,2018.0,6,512,HDD,DDR4,C,"14""",No,405.0
446,2018.0,16,512,HDD,DDR4,C,"14""",No,565.0
447,2016.0,8,256,HDD,DDR4,C,"15""",No,365.0
448,2017.0,32,512,HDD,DDR4,C,"12""",No,955.0
449,2021.0,16,512,SSD,DDR4,A,"15""",No,775.0
450,2021.0,16,1024,SSD,DDR4,A,"14""",No,705.0
451,2019.0,16,512,SSD,DDR4,A,"14""",No,735.0
452,2021.0,32,128,HDD,DDR4,A,"16""",No,1325.0
453,2019.0,16,512,SSD,DDR4,A,"15""",No,735.0
454,2019.0,32,512,SSD,DDR4,C,"16""",No,925.0
455,2021.0,8,2000,HDD,DDR4,B,"12""",No,535.0
456,2020.0,32,256,SSD,DDR4,C,"14""",No,865.0
457,2018.0,32,256,HDD,DDR4,C,"15""",No,995.0
458,2018.0,8,256,SSD,DDR4,C,"15""",No,425.0
459,2021.0,8,256,SSD,DDR4,C,"15""",No,475.0
460,2019.0,8,2000,SSD,DDR4,A,"14""",No,655.0
461,2024.0,16,512,SSD,DDR4,A,"14""",No,845.0
462,2020.0,32,128,HDD,DDR4,A,"15""",No,1085.0
463,2021.0,16,256,SSD,DDR4,B,"16""",No,785.0
464,2020.0,8,256,SSD,DDR4,C,"14""",No,415.0
465,2020.0,8,256,SSD,DDR4,B,"12""",No,485.0
466,2020.0,32,256,SSD,DDR4,C,"15""",Yes,1255.0
467,2017.0,4,512,SSD,DDR4,B,"15""",No,375.0
468,2017.0,4,256,SSD,DDR4,B,"12""",No,335.0
469,2016.0,6,512,SSD,DDR4,C,"14""",No,385.0
470,2020.0,8,512,SSD,DDR4,A,"14""",Yes,525.0
471,2020.0,8,1024,SSD,DDR4,A,"12""",No,515.0
472,2019.0,16,256,SSD,DDR4,A,"15""",No,805.0
473,2018.0,16,120,SSD,DDR4,A,"14""",No,635.0
474,2019.0,6,1024,SSD,DDR4,C,"12""",No,325.0
475,2021.0,8,2000,SSD,DDR4,C,"14""",No,585.0
476,2021.0,16,256,HDD,DDR4,C,"15""",No,635.0
477,2019.0,16,256,HDD,DDR4,A,"16""",No,785.0
478,2019.0,32,512,SSD,DDR4,C,"14""",No,1065.0
479,2016.0,4,2000,HDD,DDR4,C,"12""",No,375.0
480,2021.0,16,512,HDD,DDR4,C,"14""",No,655.0
481,2019.0,4,128,SSD,DDR4,A,"12""",No,325.0
482,2017.0,16,128,SSD,DDR4,C,"15""",No,665.0
483,2017.0,16,1024,HDD,DDR4,C,"15""",No,575.0
484,2013.0,8,512,HDD,DDR3,A,"14""",No,425.0
485,2019.0,8,256,SSD,DDR4,C,"15""",No,465.0
486,2021.0,16,256,SSD,DDR4,B,"12""",No,695.0
487,2023.0,16,128,SSD,DDR4,B,"15""",No,615.0
488,2020.0,4,256,HDD,DDR4,C,"12""",No,335.0
489,2016.0,16,128,HDD,DDR4,C,"15""",No,625.0
490,2019.0,4,256,SSD,DDR4,C,"14""",No,335.0
491,2017.0,16,512,HDD,DDR4,C,"15""",No,735.0
492,2018.0,32,256,SSD,DDR4,C,"12""",No,935.0
493,2021.0,4,256,HDD,DDR4,B,"12""",No,345.0
494,2020.0,32,256,SSD,DDR4,A,"16""",No,1395.0
495,2022.0,16,512,SSD,DDR4,A,"12""",Yes,775.0
496,2019.0,8,512,SSD,DDR4,C,"15""",No,485.0
497,2017.0,4,256,HDD,DDR4,C,"14""",No,285.0
498,2021.0,8,128,SSD,DDR4,C,"12""",No,365.0
499,2018.0,6,1024,SSD,DDR4,A,"14""",No,505.0
500,2020.0,6,120,HDD,DDR4,A,"15""",No,425.0
501,2018.0,4,2000,SSD,DDR4,C,"14""",No,415.0
502,2016.0,32,256,SSD,DDR4,C,"14""",No,1055.0
503,2018.0,4,256,HDD,DDR4,C,"14""",No,275.0
504,2018.0,8,256,SSD,DDR4,C,"15""",No,395.0
505,2017.0,8,256,HDD,DDR4,C,"14""",No,435.0
506,2019.0,32,120,HDD,DDR4,C,"15""",No,1165.0
507,2020.0,16,1024,HDD,DDR4,C,"12""",No,635.0
508,2022.0,32,256,SSD,DDR4,A,"15""",No,1335.0
509,2019.0,32,128,SSD,DDR4,C,"15""",No,925.0
510,2018.0,8,512,HDD,DDR4,A,"12""",No,415.0
511,2018.0,6,512,SSD,DDR4,C,"12""",No,415.0
512,2020.0,16,1024,SSD,DDR4,C,"15""",No,695.0
513,2019.0,32,256,HDD,DDR4,C,"15""",No,915.0
514,2017.0,4,256,HDD,DDR4,B,"14""",No,375.0
515,2021.0,4,512,HDD,DDR4,B,"12""",No,355.0
516,2017.0,12,2000,HDD,DDR4,C,"12""",No,585.0
517,2015.0,32,2000,HDD,DDR3,C,"15""",No,855.0
518,2018.0,16,512,HDD,DDR4,C,"14""",No,615.0
519,2019.0,8,256,HDD,DDR4,C,"15""",No,385.0
520,2021.0,32,512,SSD,DDR4,A,"14""",Yes,1395.0
521,2020.0,8,512,HDD,DDR4,A,"15""",No,515.0
522,2019.0,8,512,SSD,DDR4,C,"15""",No,445.0
523,2016.0,32,256,SSD,DDR4,C,"12""",No,1085.0
524,2021.0,4,256,SSD,DDR4,A,"16""",No,445.0
525,2019.0,6,256,SSD,DDR4,C,"14""",No,405.0
526,2021.0,12,256,SSD,DDR4,C,"14""",No,445.0
527,2020.0,8,256,HDD,DDR4,A,"12""",No,495.0
528,2018.0,12,512,HDD,DDR4,A,"15""",No,555.0
529,2018.0,16,256,SSD,DDR4,C,"15""",No,565.0
530,2020.0,12,1024,SSD,DDR4,A,"12""",No,505.0
531,2021.0,8,128,SSD,DDR4,C,"12""",No,395.0
532,2020.0,16,1024,SSD,DDR4,C,"12""",Yes,745.0
533,2019.0,32,256,HDD,DDR4,C,"15""",No,865.0
534,2017.0,4,1024,HDD,DDR4,C,"14""",No,405.0
535,2019.0,8,256,SSD,DDR4,C,"15""",No,455.0
536,2018.0,32,512,SSD,DDR4,C,"14""",No,1015.0
537,2021.0,8,256,SSD,DDR4,C,"15""",No,495.0
538,2015.0,4,256,SSD,DDR3,C,"15""",No,355.0
539,2020.0,32,256,HDD,DDR4,A,"15""",No,1125.0
540,2019.0,16,128,SSD,DDR4,C,"16""",No,585.0
541,2021.0,8,2000,SSD,DDR4,A,"15""",Yes,635.0
542,2023.0,8,256,SSD,DDR4,B,"14""",No,465.0
543,2021.0,16,128,HDD,DDR4,A,"12""",Yes,695.0
544,2018.0,16,512,SSD,DDR4,A,"14""",No,615.0
545,2021.0,8,256,SSD,DDR4,A,"12""",No,435.0
546,2022.0,8,256,HDD,DDR4,A,"14""",Yes,505.0
547,2017.0,8,512,HDD,DDR4,C,"15""",No,435.0
548,2018.0,4,1024,SSD,DDR4,A,"15""",No,535.0
549,2020.0,16,120,SSD,DDR4,C,"14""",No,625.0
550,2022.0,16,2000,HDD,DDR4,A,"14""",No,765.0
551,2015.0,8,2000,HDD,DDR3,C,"14""",No,375.0
552,2017.0,16,128,HDD,DDR4,C,"15""",No,495.0
553,2020.0,12,512,SSD,DDR4,C,"12""",No,565.0
554,2018.0,16,128,HDD,DDR4,A,"12""",No,615.0
555,2016.0,8,256,HDD,DDR4,C,"15""",No,485.0
556,2021.0,16,128,SSD,DDR4,A,"12""",No,635.0
557,2017.0,16,128,SSD,DDR4,C,"12""",No,605.0
558,2022.0,4,256,SSD,DDR4,A,"15""",No,385.0
559,2016.0,4,256,HDD,DDR4,C,"15""",No,385.0
560,2016.0,8,256,SSD,DDR4,C,"15""",No,505.0
561,2020.0,8,128,SSD,DDR4,C,"12""",No,365.0
562,2019.0,8,512,SSD,DDR4,C,"14""",No,365.0
563,2021.0,32,512,SSD,DDR4,C,"15""",Yes,1105.0
564,2015.0,16,128,SSD,DDR3,C,"15""",No,435.0
565,2018.0,32,2000,SSD,DDR4,C,"14""",No,975.0
566,2020.0,8,2000,SSD,DDR4,C,"12""",Yes,565.0
567,2021.0,8,128,SSD,DDR4,A,"12""",No,475.0
568,2020.0,16,512,SSD,DDR4,C,"16""",No,635.0
569,2020.0,8,512,HDD,DDR4,C,"16""",Yes,525.0
570,2020.0,6,256,SSD,DDR4,C,"16""",No,375.0
571,2020.0,8,128,HDD,DDR4,C,"14""",No,425.0
572,2019.0,8,256,SSD,DDR4,C,"15""",No,465.0
573,2018.0,4,128,SSD,DDR4,A,"15""",No,355.0
574,2018.0,16,1024,HDD,DDR4,C,"14""",No,655.0
575,2021.0,8,120,SSD,DDR4,A,"15""",No,585.0
576,2020.0,4,256,SSD,DDR4,A,"12""",No,355.0
577,2021.0,4,512,SSD,DDR4,A,"15""",No,435.0
578,2022.0,4,128,HDD,DDR4,C,"15""",No,285.0
579,2019.0,16,128,SSD,DDR4,C,"14""",No,615.0
580,2016.0,8,512,SSD,DDR4,C,"14""",No,405.0
581,2019.0,8,2000,HDD,DDR4,C,"12""",No,415.0
582,2019.0,8,120,SSD,DDR4,C,"16""",No,445.0
583,2018.0,32,512,SSD,DDR4,C,"15""",No,1065.0
584,2018.0,16,512,SSD,DDR4,B,"15""",No,615.0
585,2016.0,32,2000,HDD,DDR4,C,"15""",No,965.0
586,2024.0,6,1024,SSD,DDR4,B,"12""",No,425.0
587,2017.0,32,256,SSD,DDR4,C,"12""",No,855.0
588,2020.0,8,256,SSD,DDR4,B,"14""",No,495.0
589,2021.0,16,2000,SSD,DDR4,B,"14""",No,885.0
590,2021.0,8,512,SSD,DDR4,A,"16""",No,565.0
591,2022.0,8,128,SSD,DDR4,C,"15""",Yes,455.0
592,2019.0,8,120,SSD,DDR4,A,"12""",No,425.0
593,2020.0,4,128,SSD,DDR4,A,"14""",No,405.0
594,2021.0,8,128,HDD,DDR4,B,"15""",No,395.0
595,2016.0,4,128,HDD,DDR4,C,"15""",No,345.0
596,2018.0,16,1024,SSD,DDR4,C,"15""",No,705.0
597,2020.0,8,512,HDD,DDR4,A,"16""",No,505.0
598,2018.0,32,256,SSD,DDR4,C,"15""",No,785.0
599,2020.0,16,256,SSD,DDR4,A,"14""",No,735.0
600,2018.0,16,120,SSD,DDR4,A,"14""",No,625.0
601,2021.0,32,120,SSD,DDR4,A,"14""",No,1015.0
602,2021.0,8,512,SSD,DDR4,C,"14""",No,445.0
603,2022.0,8,256,SSD,DDR4,A,"12""",No,465.0
604,2021.0,4,1024,SSD,DDR4,A,"15""",No,435.0
605,2024.0,4,256,SSD,DDR4,A,"14""",No,345.0
606,2017.0,8,1024,HDD,DDR4,C,"15""",No,515.0
607,2017.0,12,512,HDD,DDR4,C,"15""",No,515.0
608,2020.0,8,256,SSD,DDR4,A,"14""",No,485.0
609,2020.0,16,512,SSD,DDR4,A,"14""",No,875.0
610,2018.0,8,2000,HDD,DDR4,C,"14""",No,515.0
611,2022.0,16,128,SSD,DDR4,C,"15""",Yes,645.0
612,2021.0,8,512,SSD,DDR4,C,"12""",No,425.0
613,2019.0,8,256,SSD,DDR4,A,"14""",No,535.0
614,2022.0,32,120,SSD,DDR4,A,"14""",No,1345.0
615,2021.0,32,512,SSD,DDR4,A,"12""",No,965.0
616,2020.0,16,128,SSD,DDR4,A,"15""",No,665.0
617,,8,256,HDD,DDR4,A,"15""",No,555.0
618,2019.0,16,128,HDD,DDR4,C,"15""",No,615.0
619,2021.0,8,256,SSD,DDR4,A,"12""",No,505.0
620,2018.0,32,512,SSD,DDR4,A,"12""",No,1075.0
621,2021.0,16,1024,SSD,DDR4,C,"15""",Yes,805.0
622,2019.0,12,256,SSD,DDR4,C,"16""",No,515.0
623,2020.0,32,2000,HDD,DDR4,A,"12""",No,1215.0
624,2018.0,16,1024,HDD,DDR4,A,"14""",No,895.0
625,2018.0,8,512,SSD,DDR4,C,"14""",No,475.0
626,2018.0,16,512,HDD,DDR4,C,"14""",No,625.0
627,2016.0,8,512,HDD,DDR4,B,"15""",No,465.0
628,2018.0,16,512,SSD,DDR4,C,"12""",No,485.0
629,2021.0,32,128,SSD,DDR4,A,"15""",Yes,1185.0
630,2022.0,8,256,SSD,DDR4,C,"14""",No,445.0
631,2021.0,8,120,HDD,DDR4,C,"14""",No,445.0
632,2015.0,32,128,SSD,DDR3,C,"12""",No,655.0
633,2018.0,16,256,SSD,DDR4,B,"14""",No,675.0
634,2018.0,16,256,SSD,DDR4,A,"15""",No,755.0
635,2017.0,8,256,HDD,DDR4,C,"15""",No,405.0
636,2019.0,16,512,SSD,DDR4,C,"15""",No,655.0
637,2021.0,4,256,SSD,DDR4,C,"16""",No,415.0
638,2020.0,32,128,SSD,DDR4,C,"12""",No,1085.0
639,2020.0,16,512,HDD,DDR4,B,"15""",No,645.0
640,2016.0,6,120,HDD,DDR4,C,"14""",No,315.0
641,2021.0,16,256,SSD,DDR4,A,"12""",Yes,845.0
642,2022.0,32,128,HDD,DDR4,A,"14""",No,1045.0
643,2019.0,8,256,HDD,DDR4,C,"15""",No,465.0
644,2017.0,16,120,SSD,DDR4,B,"14""",No,785.0
645,2015.0,8,512,SSD,DDR3,C,"14""",No,355.0
646,2022.0,8,1024,HDD,DDR4,B,"12""",No,395.0
647,2018.0,16,128,HDD,DDR4,C,"14""",No,585.0
648,2018.0,8,128,SSD,DDR4,C,"14""",No,425.0
649,2018.0,16,512,SSD,DDR4,C,"15""",No,535.0
650,2020.0,8,128,HDD,DDR4,A,"16""",No,605.0
651,2023.0,32,256,SSD,DDR4,C,"15""",No,1035.0
652,2020.0,8,512,HDD,DDR4,B,"12""",No,365.0
653,2020.0,12,512,SSD,DDR4,C,"12""",Yes,585.0
654,2022.0,8,256,HDD,DDR4,B,"12""",Yes,455.0
655,2017.0,16,512,SSD,DDR4,C,"15""",No,535.0
656,2016.0,8,512,HDD,DDR4,C,"14""",No,425.0
657,2018.0,4,256,HDD,DDR4,C,"12""",No,245.0
658,2016.0,8,256,HDD,DDR4,C,"15""",No,395.0
659,2016.0,16,256,SSD,DDR4,C,"15""",No,595.0
660,2020.0,32,256,SSD,DDR4,C,"12""",No,1085.0
661,2022.0,16,256,SSD,DDR4,C,"15""",No,525.0
662,2019.0,16,256,SSD,DDR4,A,"15""",No,605.0
663,2021.0,8,256,SSD,DDR4,A,"14""",Yes,595.0
664,2024.0,8,256,SSD,DDR4,A,"16""",No,445.0
665,2020.0,4,256,HDD,DDR4,C,"12""",No,245.0
666,2018.0,16,1024,HDD,DDR4,C,"15""",No,735.0
667,2021.0,8,128,SSD,DDR4,C,"12""",No,295.0
668,2019.0,4,256,SSD,DDR4,B,"12""",No,275.0
669,2019.0,4,120,SSD,DDR4,C,"15""",No,315.0
670,2016.0,8,256,HDD,DDR4,C,"15""",No,505.0
671,2019.0,16,128,SSD,DDR4,A,"14""",No,765.0
672,2020.0,32,256,SSD,DDR4,C,"14""",No,915.0
673,2021.0,16,512,SSD,DDR4,A,"15""",No,705.0
674,2021.0,16,120,SSD,DDR4,A,"12""",No,725.0
675,2023.0,16,2000,SSD,DDR4,C,"16""",No,675.0
676,2017.0,8,120,HDD,DDR4,C,"12""",No,355.0
677,2017.0,16,2000,HDD,DDR4,C,"14""",No,735.0
678,2015.0,16,2000,HDD,DDR3,C,"15""",No,555.0
679,2020.0,8,128,SSD,DDR4,B,"14""",No,455.0
680,2019.0,8,1024,HDD,DDR4,C,"15""",No,515.0
681,2015.0,8,1024,SSD,DDR3,C,"15""",No,435.0
682,2023.0,16,1024,HDD,DDR4,B,"15""",No,625.0
683,2020.0,8,512,SSD,DDR4,A,"14""",No,545.0
684,2020.0,8,256,HDD,DDR4,C,"14""",No,385.0
685,2019.0,8,256,SSD,DDR4,C,"14""",No,425.0
686,2019.0,32,256,SSD,DDR4,C,"16""",No,835.0
687,2018.0,12,512,SSD,DDR4,C,"15""",No,535.0
688,2016.0,16,256,HDD,DDR4,C,"15""",No,655.0
689,2018.0,16,256,SSD,DDR4,C,"15""",No,585.0
690,2020.0,8,128,SSD,DDR4,B,"12""",No,315.0
691,2019.0,8,256,SSD,DDR4,C,"12""",No,335.0
692,2024.0,16,256,SSD,DDR4,A,"14""",No,705.0
693,2019.0,16,512,SSD,DDR4,A,"14""",No,835.0
694,2019.0,16,256,SSD,DDR4,C,"14""",No,565.0
695,2017.0,4,256,HDD,DDR4,C,"15""",No,305.0
696,2017.0,4,256,HDD,DDR4,C,"15""",No,355.0
697,2019.0,6,128,HDD,DDR4,B,"15""",No,435.0
698,2021.0,8,256,SSD,DDR4,B,"16""",No,505.0
699,2019.0,4,120,SSD,DDR4,A,"15""",No,335.0
700,2015.0,12,1024,HDD,DDR3,C,"15""",No,415.0
701,2016.0,32,256,SSD,DDR4,C,"14""",No,835.0
702,2019.0,8,256,SSD,DDR4,,"14""",No,355.0
703,2019.0,8,512,SSD,DDR4,C,"14""",No,475.0
704,2017.0,16,128,HDD,DDR4,A,"15""",No,615.0
705,2019.0,8,256,SSD,DDR4,C,"12""",No,345.0
706,2020.0,8,512,HDD,DDR4,C,"15""",No,455.0
707,2016.0,32,256,SSD,DDR4,C,"15""",No,995.0
708,2018.0,16,1024,SSD,DDR4,C,"14""",No,615.0
709,2020.0,4,120,SSD,DDR4,A,"12""",No,395.0
710,2023.0,16,512,SSD,DDR4,B,"15""",No,575.0
711,2020.0,8,1024,SSD,DDR4,C,"15""",No,525.0
712,2021.0,4,2000,SSD,DDR4,A,"14""",No,555.0
713,2021.0,8,512,SSD,DDR4,C,"14""",Yes,505.0
714,2020.0,8,256,SSD,DDR4,C,"12""",Yes,435.0
715,2021.0,16,256,HDD,DDR4,C,"12""",No,615.0
716,2018.0,8,256,SSD,DDR4,A,"14""",No,535.0
717,2018.0,6,256,SSD,DDR4,C,"14""",No,415.0
718,2017.0,32,256,SSD,DDR4,C,"15""",No,1015.0
719,2018.0,32,512,SSD,DDR4,C,"15""",No,945.0
720,2017.0,32,128,HDD,DDR4,C,"15""",No,825.0
721,2021.0,16,256,SSD,DDR4,B,"14""",Yes,625.0
722,2019.0,16,1024,SSD,DDR4,C,"12""",No,505.0
723,2019.0,16,256,SSD,DDR4,,"14""",No,605.0
724,2020.0,4,1024,SSD,DDR4,B,"14""",No,385.0
725,2016.0,8,256,HDD,DDR4,B,"15""",No,495.0
726,2021.0,8,256,SSD,DDR4,A,"15""",No,555.0
727,2015.0,8,128,HDD,DDR3,C,"15""",No,325.0
728,2020.0,8,256,SSD,DDR4,C,"14""",No,405.0
729,2019.0,8,256,SSD,DDR4,C,"16""",No,425.0
730,2019.0,16,128,SSD,DDR4,A,"15""",No,765.0
731,2014.0,8,128,HDD,DDR3,B,"15""",No,345.0
732,2016.0,4,2000,HDD,DDR4,C,"14""",No,355.0
733,2019.0,8,512,SSD,DDR4,A,"15""",No,575.0
734,2020.0,32,1024,HDD,DDR4,C,"12""",No,915.0
735,2021.0,8,512,SSD,DDR4,A,"15""",No,515.0
736,2023.0,4,120,SSD,DDR4,C,"14""",No,325.0
737,2020.0,8,512,SSD,DDR4,C,"12""",Yes,415.0
738,2017.0,8,256,SSD,DDR4,C,"14""",No,485.0
739,2020.0,8,256,SSD,DDR4,A,"14""",No,495.0
740,2016.0,8,1024,HDD,DDR4,A,"12""",No,485.0
741,2021.0,6,120,SSD,DDR4,B,"16""",No,455.0
742,2021.0,16,256,SSD,DDR4,A,"12""",No,755.0
743,2023.0,16,512,SSD,DDR4,B,"15""",No,725.0
744,2017.0,8,128,HDD,DDR4,C,"14""",No,345.0
745,2021.0,16,128,SSD,DDR4,A,"12""",No,565.0
746,2021.0,4,512,SSD,DDR4,A,"16""",No,485.0
747,2018.0,16,512,SSD,DDR4,A,"12""",No,715.0
748,2020.0,8,512,HDD,DDR4,A,"14""",No,495.0
749,2021.0,8,512,HDD,DDR4,A,"15""",No,475.0
750,2018.0,4,512,SSD,DDR4,C,"12""",No,295.0
751,2022.0,8,256,SSD,DDR4,A,"15""",No,445.0
752,2018.0,16,512,HDD,DDR4,C,"15""",No,535.0
753,2021.0,4,256,SSD,DDR4,A,"12""",No,375.0
754,2021.0,8,256,HDD,DDR4,B,"14""",No,515.0
755,2016.0,16,256,HDD,DDR4,C,"14""",No,595.0
756,2020.0,8,512,SSD,DDR4,C,"15""",No,495.0
757,2018.0,12,2000,HDD,DDR4,C,"12""",No,485.0
758,2019.0,8,256,HDD,DDR4,A,"15""",No,515.0
759,2022.0,16,256,SSD,DDR4,C,"15""",No,575.0
760,2020.0,4,512,SSD,DDR4,C,"12""",No,295.0
761,2022.0,12,256,SSD,DDR4,A,"15""",No,675.0
762,2019.0,12,256,SSD,DDR4,B,"15""",No,545.0
763,2019.0,32,512,SSD,DDR4,C,"15""",No,835.0
764,2018.0,8,128,SSD,DDR4,C,"14""",No,455.0
765,2019.0,8,256,HDD,DDR4,B,"12""",No,445.0
766,2022.0,8,512,SSD,DDR4,A,"15""",No,605.0
767,2021.0,8,512,SSD,DDR4,C,"15""",No,455.0
768,2023.0,16,128,SSD,DDR4,A,"14""",No,725.0
769,2015.0,16,128,HDD,DDR3,,"14""",No,385.0
770,2020.0,8,128,SSD,DDR4,A,"12""",No,485.0
771,2019.0,8,1024,SSD,DDR4,C,"14""",No,475.0
772,2017.0,8,512,SSD,DDR4,C,"14""",No,445.0
773,2023.0,16,512,SSD,DDR4,A,"14""",No,625.0
774,2021.0,6,256,SSD,DDR4,B,"15""",No,485.0
775,2020.0,4,256,SSD,DDR4,A,"15""",No,465.0
776,2014.0,8,120,HDD,DDR3,C,"15""",No,385.0
777,2019.0,32,512,SSD,DDR4,C,"12""",No,925.0
778,2019.0,8,256,SSD,DDR4,C,"14""",No,365.0
779,2021.0,32,256,SSD,DDR4,,"14""",No,875.0
780,2023.0,8,128,SSD,DDR4,B,"12""",No,365.0
781,2020.0,32,256,HDD,DDR4,A,"12""",Yes,1195.0
782,2017.0,8,2000,HDD,DDR4,C,"12""",No,495.0
783,2019.0,6,256,HDD,DDR4,C,"15""",No,405.0
784,2018.0,32,128,HDD,DDR4,C,"15""",No,825.0
785,2023.0,32,512,HDD,DDR4,B,"14""",No,1135.0
786,2024.0,32,128,SSD,DDR4,B,"15""",No,1025.0
787,2017.0,8,512,HDD,DDR4,C,"15""",No,465.0
788,2018.0,8,256,SSD,DDR4,C,"14""",No,375.0
789,2016.0,8,1024,SSD,DDR4,C,"15""",No,525.0
790,2017.0,6,512,HDD,DDR4,C,"14""",No,425.0
791,2022.0,16,120,SSD,DDR4,A,"15""",No,735.0
792,2019.0,8,512,SSD,DDR4,C,"15""",No,535.0
793,2019.0,16,2000,HDD,DDR4,C,"16""",No,605.0
794,2018.0,4,128,SSD,DDR4,C,"14""",No,305.0
795,2022.0,4,512,SSD,DDR4,A,"15""",No,415.0
796,2021.0,16,2000,SSD,DDR4,A,"15""",No,885.0
797,2016.0,8,120,SSD,DDR4,C,"15""",No,485.0
798,2018.0,16,512,SSD,DDR4,C,"15""",No,655.0
799,2019.0,16,256,SSD,DDR4,A,"12""",No,705.0
800,2015.0,8,256,HDD,DDR3,C,"14""",No,325.0
801,2017.0,8,512,HDD,DDR4,A,"14""",No,455.0
802,2017.0,16,512,HDD,DDR4,B,"12""",No,635.0
803,2017.0,12,256,HDD,DDR4,C,"15""",No,495.0
804,2017.0,16,1024,HDD,DDR4,C,"15""",No,745.0
805,2016.0,8,256,HDD,DDR4,C,"14""",No,395.0
806,2023.0,8,256,SSD,DDR4,A,"12""",No,415.0
807,2017.0,8,128,HDD,DDR4,C,"14""",No,365.0
808,2019.0,32,512,SSD,DDR4,B,"16""",No,955.0
809,2020.0,4,512,SSD,DDR4,A,"14""",No,425.0
810,2020.0,16,2000,SSD,DDR4,C,"15""",No,785.0
811,2015.0,4,256,HDD,DDR3,C,"15""",No,295.0
812,2013.0,8,128,HDD,DDR3,C,"15""",No,325.0
813,2018.0,16,256,SSD,DDR4,B,"14""",No,585.0
814,2019.0,4,512,SSD,DDR4,C,"15""",No,375.0
815,2023.0,4,256,SSD,DDR4,A,"15""",No,445.0
816,2019.0,4,256,HDD,DDR4,B,"15""",No,415.0
817,2018.0,8,256,HDD,DDR4,C,"14""",No,425.0
818,2020.0,8,1024,SSD,DDR4,A,"15""",No,585.0
819,2020.0,4,512,SSD,DDR4,C,"15""",No,365.0
820,2024.0,16,256,SSD,DDR4,B,"15""",No,615.0
821,2018.0,4,1024,SSD,DDR4,A,"15""",No,505.0
822,2020.0,8,512,SSD,DDR4,A,"12""",No,405.0
823,2018.0,16,256,SSD,DDR4,B,"15""",No,585.0
824,2021.0,16,256,SSD,DDR4,A,"12""",No,705.0
825,2018.0,8,1024,HDD,DDR4,C,"12""",No,445.0
826,2019.0,16,512,SSD,DDR4,A,"14""",No,705.0
827,2019.0,12,1024,SSD,DDR4,C,"15""",No,595.0
828,2017.0,4,256,HDD,DDR4,A,"15""",No,355.0
829,2018.0,4,512,SSD,DDR4,C,"14""",No,375.0
830,2017.0,8,512,HDD,DDR4,C,"12""",No,395.0
831,2020.0,8,256,SSD,DDR4,A,"16""",Yes,615.0
832,2019.0,16,512,SSD,DDR4,C,"14""",No,645.0
833,2023.0,16,512,HDD,DDR4,A,"15""",No,775.0
834,2019.0,12,512,SSD,DDR4,A,"12""",No,615.0
835,2018.0,6,1024,SSD,DDR4,C,"14""",No,435.0
836,2019.0,8,512,SSD,DDR4,C,"14""",No,465.0
837,2018.0,8,256,SSD,DDR4,C,"15""",No,385.0
838,2019.0,8,256,HDD,DDR4,C,"12""",No,425.0
839,2020.0,16,512,HDD,DDR4,B,"16""",Yes,905.0
840,2015.0,8,512,SSD,DDR3,C,"15""",No,375.0
841,2021.0,32,512,SSD,DDR4,A,"15""",No,1175.0
842,2015.0,16,256,SSD,DDR3,,"14""",No,425.0
843,2019.0,32,128,HDD,DDR4,C,"15""",No,1115.0
844,2017.0,32,1024,SSD,DDR4,C,"15""",No,1075.0
845,2019.0,8,2000,SSD,DDR4,B,"14""",No,545.0
846,2019.0,8,256,SSD,DDR4,A,"15""",No,565.0
847,2017.0,8,256,HDD,DDR4,C,"12""",No,405.0
848,2020.0,32,120,SSD,DDR4,A,"12""",No,885.0
849,2017.0,8,128,HDD,DDR4,A,"15""",No,565.0
850,2021.0,8,128,SSD,DDR4,A,"12""",No,375.0
851,2014.0,8,256,SSD,DDR3,C,"14""",No,375.0
852,2018.0,8,2000,SSD,DDR4,A,"14""",No,585.0
853,2017.0,16,256,HDD,DDR4,C,"12""",No,635.0
854,2019.0,8,512,SSD,DDR4,B,"15""",No,475.0
855,2018.0,16,512,SSD,DDR4,,"15""",No,685.0
856,2018.0,16,256,SSD,DDR4,A,"14""",No,775.0
857,2017.0,8,256,SSD,DDR4,C,"14""",No,505.0
858,2016.0,8,512,HDD,DDR4,C,"12""",No,425.0
859,2020.0,16,256,SSD,DDR4,C,"14""",No,645.0
860,2016.0,6,1024,HDD,DDR4,C,"15""",No,425.0
861,2017.0,16,256,HDD,DDR4,A,"15""",No,875.0
862,2020.0,8,128,SSD,DDR4,B,"12""",No,415.0
863,2019.0,4,256,SSD,DDR4,,"15""",No,415.0
864,2014.0,4,256,HDD,DDR3,C,"12""",No,235.0
865,2019.0,32,1024,SSD,DDR4,C,"15""",No,1175.0
866,2021.0,16,512,SSD,DDR4,C,"12""",No,665.0
867,2020.0,8,1024,SSD,DDR4,C,"15""",No,445.0
868,2019.0,32,512,SSD,DDR4,A,"14""",No,1075.0
869,2019.0,4,256,SSD,DDR4,A,"14""",No,345.0
870,2016.0,8,128,SSD,DDR4,C,"15""",No,465.0
871,2020.0,8,128,HDD,DDR4,C,"15""",No,395.0
872,2014.0,8,128,HDD,DDR3,C,"12""",No,255.0
873,2017.0,32,128,SSD,DDR4,C,"14""",No,895.0
874,2018.0,32,256,SSD,DDR4,C,"15""",No,1005.0
875,2021.0,8,512,SSD,DDR4,A,"15""",No,525.0
876,2018.0,32,256,HDD,DDR4,B,"15""",No,925.0
877,2017.0,16,1024,HDD,DDR4,C,"15""",No,585.0
878,2023.0,6,512,SSD,DDR4,C,"12""",No,335.0
879,2020.0,4,120,HDD,DDR4,C,"15""",No,315.0
880,2013.0,8,256,SSD,DDR3,C,"14""",No,335.0
881,2022.0,8,512,SSD,DDR4,C,"15""",No,455.0
882,2018.0,8,1024,SSD,DDR4,C,"15""",No,445.0
883,2020.0,32,128,SSD,DDR4,C,"14""",Yes,895.0
884,2016.0,8,512,SSD,DDR4,A,"15""",No,615.0
885,2020.0,32,512,SSD,DDR4,C,"12""",No,1165.0
886,2023.0,8,128,SSD,DDR4,A,"15""",No,455.0
887,2018.0,4,128,SSD,DDR4,C,"14""",No,315.0
888,2020.0,8,512,SSD,DDR4,C,"15""",No,455.0
889,2018.0,4,512,SSD,DDR4,,"12""",No,345.0
890,2018.0,16,128,SSD,DDR4,C,"15""",No,555.0
891,2017.0,16,512,HDD,DDR4,C,"12""",No,565.0
892,2017.0,8,512,SSD,DDR4,C,"12""",No,415.0
893,2021.0,4,256,HDD,DDR4,A,"14""",No,435.0
894,2018.0,16,512,HDD,DDR4,A,"14""",No,725.0
895,2019.0,16,1024,SSD,DDR4,B,"16""",No,785.0
896,2015.0,8,512,HDD,DDR3,C,"14""",No,375.0
897,2017.0,4,256,SSD,DDR4,C,"12""",No,265.0
898,2017.0,6,1024,HDD,DDR4,C,"14""",No,455.0
899,2016.0,16,512,SSD,DDR4,B,"15""",No,765.0
900,2020.0,8,256,SSD,DDR4,C,"14""",No,475.0
901,2018.0,16,256,SSD,DDR4,A,"14""",No,675.0
902,2016.0,16,120,SSD,DDR4,A,"14""",No,805.0
903,2021.0,32,256,HDD,DDR4,C,"14""",No,1155.0
904,2020.0,12,512,HDD,DDR4,C,"15""",No,555.0
905,2021.0,8,512,HDD,DDR4,B,"14""",No,535.0
906,2018.0,16,256,SSD,DDR4,C,"15""",No,595.0
907,2019.0,32,512,SSD,DDR4,C,"14""",No,895.0
908,2019.0,4,256,SSD,DDR4,C,"12""",No,355.0
909,2022.0,4,512,SSD,DDR4,C,"15""",No,415.0
910,2017.0,32,1024,SSD,DDR4,C,"15""",No,885.0
911,2021.0,8,128,HDD,DDR4,A,"12""",No,455.0
912,2017.0,8,256,HDD,DDR4,,"15""",No,475.0
913,2019.0,8,512,HDD,DDR4,C,"12""",No,345.0
914,2021.0,12,256,HDD,DDR4,B,"15""",No,515.0
915,2017.0,16,512,SSD,DDR4,C,"12""",No,495.0
916,2017.0,8,2000,SSD,DDR4,C,"15""",No,515.0
917,2016.0,4,512,HDD,DDR4,C,"15""",No,295.0
918,2021.0,16,512,SSD,DDR4,C,"15""",No,735.0
919,2019.0,8,256,SSD,DDR4,C,"14""",No,375.0
920,2018.0,8,256,SSD,DDR4,A,"15""",No,515.0
921,2019.0,4,256,SSD,DDR4,B,"12""",No,315.0
922,2021.0,16,256,SSD,DDR4,A,"12""",No,725.0
923,2020.0,32,256,SSD,DDR4,C,"15""",No,835.0
924,2019.0,8,256,HDD,DDR4,A,"14""",No,515.0
925,2020.0,8,256,SSD,DDR4,A,"12""",No,425.0
926,2017.0,16,512,HDD,DDR4,C,"12""",No,605.0
927,2019.0,8,120,SSD,DDR4,C,"15""",No,475.0
928,2019.0,8,2000,SSD,DDR4,C,"12""",No,475.0
929,2018.0,8,1024,SSD,DDR4,C,"15""",No,485.0
930,2019.0,32,1024,SSD,DDR4,C,"14""",No,1135.0
931,,32,2000,SSD,DDR4,B,"14""",No,1215.0
932,2019.0,32,256,HDD,DDR4,C,"14""",No,1015.0
933,2017.0,4,2000,SSD,DDR4,C,"12""",No,355.0
934,2014.0,8,512,HDD,DDR3,C,"12""",No,315.0
935,2020.0,16,256,SSD,DDR4,C,"12""",No,515.0
936,2021.0,8,128,HDD,DDR4,A,"14""",No,445.0
937,2016.0,8,256,HDD,DDR4,C,"14""",No,425.0
938,2019.0,4,128,SSD,DDR4,A,"14""",No,405.0
939,2018.0,8,128,HDD,DDR4,C,"14""",No,405.0
940,2018.0,8,128,SSD,DDR4,C,"12""",No,375.0
941,2019.0,32,256,SSD,DDR4,C,"16""",No,1205.0
942,2019.0,4,256,SSD,DDR4,C,"12""",No,295.0
943,2019.0,4,256,SSD,DDR4,C,"14""",No,335.0
944,2017.0,8,512,HDD,DDR4,C,"12""",No,375.0
945,2018.0,16,128,SSD,DDR4,C,"15""",No,595.0
946,2019.0,4,512,SSD,DDR4,B,"14""",No,425.0
947,2017.0,12,1024,HDD,DDR4,C,"15""",No,575.0
948,2022.0,8,2000,SSD,DDR4,C,"14""",No,445.0
949,2023.0,8,256,SSD,DDR4,A,"15""",No,505.0
950,2020.0,32,120,SSD,DDR4,A,"14""",Yes,985.0
951,2020.0,8,512,SSD,DDR4,B,"14""",No,455.0
952,2016.0,16,256,SSD,DDR4,C,"12""",No,495.0
953,2019.0,12,512,SSD,DDR4,C,"12""",No,545.0
954,2016.0,8,512,HDD,DDR4,C,"12""",No,425.0
955,2018.0,16,512,SSD,DDR4,A,"14""",No,785.0
956,2022.0,8,256,SSD,DDR4,A,"15""",No,555.0
957,2018.0,32,512,SSD,DDR4,C,"15""",No,1095.0
958,2019.0,8,256,HDD,DDR4,C,"16""",No,435.0
959,2019.0,16,128,SSD,DDR4,C,"12""",No,565.0
960,2020.0,8,128,SSD,DDR4,C,"12""",No,375.0
961,2021.0,8,256,SSD,DDR4,A,"14""",Yes,515.0
962,2017.0,32,512,SSD,DDR4,C,"15""",No,1175.0
963,2018.0,32,512,HDD,DDR4,B,"14""",No,895.0
964,2019.0,16,128,SSD,DDR4,C,"12""",No,555.0
965,2018.0,16,128,HDD,DDR4,B,"14""",No,745.0
966,2021.0,8,128,SSD,DDR4,C,"12""",No,405.0
967,2020.0,4,256,SSD,DDR4,A,"16""",No,505.0
968,2019.0,32,256,SSD,DDR4,A,"12""",No,1065.0
969,2020.0,16,256,SSD,DDR4,A,"16""",No,805.0
970,2017.0,8,256,SSD,DDR4,B,"12""",No,485.0
971,2017.0,32,120,HDD,DDR4,A,"15""",No,1035.0
972,2018.0,8,1024,SSD,DDR4,A,"14""",No,515.0
973,2021.0,6,128,SSD,DDR4,A,"12""",No,315.0
974,2018.0,8,1024,SSD,DDR4,C,"15""",No,505.0
975,2019.0,8,256,HDD,DDR4,A,"12""",No,405.0
976,2017.0,8,512,HDD,DDR4,C,"14""",No,495.0
977,2019.0,8,256,HDD,DDR4,C,"14""",No,445.0
978,2020.0,4,128,SSD,DDR4,C,"15""",No,305.0
979,2017.0,8,256,SSD,DDR4,C,"12""",No,375.0
980,2020.0,8,256,HDD,DDR4,A,"15""",No,505.0
981,2022.0,32,512,SSD,DDR4,A,"15""",No,1375.0
982,2020.0,8,256,SSD,DDR4,C,"15""",No,505.0
983,2018.0,4,1024,HDD,DDR4,C,"15""",No,415.0
984,2022.0,16,1024,SSD,DDR4,C,"14""",No,625.0
985,2019.0,16,512,SSD,DDR4,B,"12""",No,615.0
986,2019.0,16,256,HDD,DDR4,A,"15""",No,775.0
987,2020.0,16,1024,SSD,DDR4,A,"12""",No,785.0
988,2016.0,16,120,HDD,DDR4,C,"15""",No,665.0
989,2019.0,16,128,SSD,DDR4,C,"15""",No,635.0
990,2018.0,8,2000,SSD,DDR4,C,"14""",No,515.0
991,2017.0,12,512,SSD,DDR4,C,"14""",No,535.0
992,2019.0,4,128,SSD,DDR4,C,"12""",No,245.0
993,2022.0,8,256,HDD,DDR4,A,"14""",No,415.0
994,2017.0,4,128,SSD,DDR4,C,"15""",No,335.0
995,2018.0,16,256,SSD,DDR4,A,"14""",No,735.0
996,2019.0,16,256,SSD,DDR4,C,"12""",No,595.0
997,2023.0,8,512,SSD,DDR4,A,"14""",No,525.0
998,2019.0,4,128,SSD,DDR4,A,"15""",No,375.0
999,2019.0,8,512,SSD,DDR4,A,"16""",No,535.0
1000,2021.0,16,512,SSD,DDR4,B,"15""",No,745.0
1001,2023.0,8,128,HDD,DDR4,A,"12""",No,305.0
1002,2022.0,4,256,SSD,DDR4,A,"14""",No,415.0
1003,2021.0,16,256,HDD,DDR4,A,"12""",No,555.0
1004,2021.0,8,128,SSD,DDR4,B,"16""",No,545.0
1005,2023.0,32,256,HDD,DDR4,A,"14""",No,985.0
1006,2020.0,32,512,SSD,DDR4,C,"12""",No,1085.0
1007,2017.0,6,512,SSD,DDR4,C,"15""",No,425.0
1008,2019.0,6,512,SSD,DDR4,A,"15""",No,485.0
1009,2018.0,8,256,HDD,DDR4,C,"15""",No,395.0
1010,2018.0,32,128,SSD,DDR4,C,"12""",No,1125.0
1011,2021.0,4,256,SSD,DDR4,A,"14""",No,355.0
1012,2019.0,8,256,HDD,DDR4,C,"15""",No,435.0
1013,2019.0,16,256,HDD,DDR4,A,"12""",No,755.0
1014,2019.0,8,120,HDD,DDR4,C,"12""",No,325.0
1015,2016.0,4,1024,SSD,DDR4,C,"15""",No,445.0
1016,2021.0,4,256,HDD,DDR4,C,"12""",No,275.0
1017,2021.0,8,2000,HDD,DDR4,C,"12""",No,435.0
1018,2023.0,4,512,HDD,DDR4,B,"14""",No,385.0
1019,2020.0,8,128,SSD,DDR4,A,"14""",No,485.0
1020,2019.0,8,512,SSD,DDR4,B,"15""",No,475.0
1021,2020.0,8,256,HDD,DDR4,A,"16""",No,525.0
1022,2019.0,32,512,HDD,DDR4,C,"14""",No,965.0
1023,2019.0,8,512,SSD,DDR4,C,"14""",No,485.0
1024,2018.0,4,512,HDD,DDR4,A,"14""",No,405.0
1025,2020.0,4,1024,SSD,DDR4,A,"12""",No,435.0
1026,2021.0,8,512,SSD,DDR4,C,"12""",No,465.0
1027,2019.0,32,128,SSD,DDR4,C,"15""",No,1135.0
1028,2022.0,4,256,SSD,DDR4,C,"15""",No,335.0
1029,2020.0,8,256,SSD,DDR4,C,"14""",No,465.0
1030,2021.0,8,128,SSD,DDR4,C,"14""",No,425.0
1031,2015.0,4,1024,SSD,DDR3,C,"14""",No,385.0
1032,2020.0,8,1024,SSD,DDR4,B,"14""",No,465.0
1033,2019.0,8,256,HDD,DDR4,,"14""",No,375.0
1034,2021.0,8,256,SSD,DDR4,A,"15""",No,555.0
1035,2018.0,32,256,SSD,DDR4,A,"15""",No,1395.0
1036,2016.0,16,256,HDD,DDR4,C,"12""",No,505.0
1037,2022.0,8,256,HDD,DDR4,A,"14""",No,475.0
1038,2019.0,16,512,SSD,DDR4,C,"14""",No,625.0
1039,2017.0,8,512,SSD,DDR4,C,"14""",No,425.0
1040,2021.0,32,128,SSD,DDR4,B,"15""",No,1305.0
1041,2019.0,4,256,SSD,DDR4,C,"16""",No,355.0
1042,2020.0,8,512,HDD,DDR4,C,"16""",No,485.0
1043,2020.0,32,2000,SSD,DDR4,C,"15""",No,1105.0
1044,2015.0,16,256,SSD,DDR3,C,"14""",No,445.0
1045,2020.0,8,512,HDD,DDR4,C,"14""",No,395.0
1046,2018.0,8,256,SSD,DDR4,C,"14""",No,455.0
1047,2020.0,4,512,SSD,DDR4,C,"14""",No,385.0
1048,2017.0,8,512,HDD,DDR4,C,"14""",No,515.0
1049,2022.0,8,512,SSD,DDR4,A,"15""",No,545.0
1050,2022.0,4,256,SSD,DDR4,A,"12""",No,315.0
1051,2016.0,8,512,HDD,DDR4,C,"12""",No,355.0
1052,2020.0,16,128,HDD,DDR4,A,"12""",Yes,625.0
1053,2016.0,32,512,HDD,DDR4,C,"12""",No,1105.0
1054,2020.0,8,512,SSD,DDR4,C,"16""",No,425.0
1055,2020.0,16,256,HDD,DDR4,B,"12""",No,585.0
1056,2023.0,16,256,SSD,DDR4,B,"12""",No,575.0
1057,2019.0,8,1024,SSD,DDR4,A,"15""",No,575.0
1058,2021.0,16,512,HDD,DDR4,A,"12""",No,715.0
1059,2018.0,8,256,HDD,DDR4,C,"15""",No,505.0
1060,2020.0,16,256,SSD,DDR4,B,"15""",No,675.0
1061,2019.0,4,256,SSD,DDR4,C,"14""",No,405.0
1062,2021.0,8,256,HDD,DDR4,A,"14""",No,485.0
1063,2020.0,32,128,SSD,DDR4,C,"14""",No,975.0
1064,2017.0,16,128,SSD,DDR4,C,"14""",No,555.0
1065,2020.0,16,128,SSD,DDR4,B,"12""",No,615.0
1066,2014.0,8,120,SSD,DDR3,C,"14""",No,365.0
1067,2022.0,4,512,SSD,DDR4,B,"14""",No,435.0
1068,2016.0,16,256,SSD,DDR4,C,"15""",No,645.0
1069,2018.0,8,512,SSD,DDR4,C,"14""",No,375.0
1070,2021.0,4,256,SSD,DDR4,A,"14""",No,385.0
1071,2019.0,4,256,SSD,DDR4,B,"15""",No,335.0
1072,2022.0,12,128,HDD,DDR4,B,"15""",No,665.0
1073,2019.0,8,1024,SSD,DDR4,C,"14""",No,445.0
1074,2016.0,6,256,HDD,DDR4,C,"15""",No,405.0
1075,2019.0,4,1024,HDD,DDR4,C,"12""",No,355.0
1076,2020.0,16,256,HDD,DDR4,B,"14""",No,645.0
1077,2023.0,16,512,SSD,DDR4,A,"12""",No,695.0
1078,2017.0,32,256,HDD,DDR4,C,"12""",No,885.0
1079,2020.0,16,256,SSD,DDR4,A,"12""",No,545.0
1080,2019.0,4,2000,HDD,DDR4,C,"14""",No,365.0
1081,2017.0,16,1024,HDD,DDR4,C,"15""",No,605.0
1082,2019.0,12,2000,HDD,DDR4,B,"14""",No,625.0
1083,2018.0,8,1024,SSD,DDR4,C,"15""",No,495.0
1084,2019.0,16,128,SSD,DDR4,A,"14""",No,775.0
1085,2019.0,8,256,SSD,DDR4,A,"15""",No,485.0
1086,2019.0,8,256,HDD,DDR4,C,"12""",No,335.0
1087,2017.0,12,512,SSD,DDR4,A,"14""",No,525.0
1088,,16,2000,SSD,DDR4,A,"15""",No,875.0
1089,2019.0,8,512,HDD,DDR4,A,"12""",No,355.0
1090,2016.0,16,128,SSD,DDR4,C,"15""",No,625.0
1091,2018.0,16,2000,HDD,DDR4,A,"15""",No,775.0
1092,2020.0,16,512,HDD,DDR4,C,"12""",No,535.0
1093,2020.0,16,512,HDD,DDR4,C,"15""",No,685.0
1094,2021.0,4,128,SSD,DDR4,C,"16""",No,335.0
1095,2020.0,16,128,HDD,DDR4,C,"15""",No,665.0
1096,2014.0,16,256,HDD,DDR3,C,"12""",No,425.0
1097,2018.0,6,128,HDD,DDR4,C,"14""",No,365.0
1098,2019.0,4,512,SSD,DDR4,B,"15""",No,375.0
1099,2021.0,16,512,SSD,DDR4,A,"14""",No,605.0
1100,2021.0,8,120,SSD,DDR4,C,"14""",No,455.0
1101,2016.0,32,120,SSD,DDR4,C,"12""",No,715.0
1102,2019.0,8,256,SSD,DDR4,C,"12""",No,445.0
1103,2020.0,8,120,SSD,DDR4,A,"15""",No,515.0
1104,2018.0,16,256,SSD,DDR4,C,"15""",No,665.0
1105,2019.0,16,512,SSD,DDR4,C,"15""",No,685.0
1106,2018.0,12,120,SSD,DDR4,C,"14""",No,505.0
1107,2019.0,4,512,HDD,DDR4,C,"12""",No,255.0
1108,2022.0,8,256,HDD,DDR4,A,"15""",Yes,615.0
1109,2020.0,8,120,HDD,DDR4,C,"12""",No,345.0
1110,2017.0,4,256,SSD,DDR4,C,"15""",No,365.0
1111,2021.0,16,120,SSD,DDR4,A,"15""",No,605.0
1112,2019.0,8,256,HDD,DDR4,A,"15""",No,525.0
1113,2021.0,32,128,HDD,DDR4,C,"15""",Yes,1155.0
1114,2018.0,16,512,SSD,DDR4,C,"12""",No,575.0
1115,2017.0,8,256,HDD,DDR4,C,"14""",No,465.0
1116,2019.0,8,128,SSD,DDR4,C,"12""",No,365.0
1117,2017.0,8,512,HDD,DDR4,B,"15""",No,435.0
1118,2019.0,8,512,SSD,DDR4,C,"15""",No,445.0
1119,2019.0,16,512,SSD,DDR4,C,"16""",No,655.0
1120,2016.0,8,256,HDD,DDR4,C,"12""",No,305.0
1121,2016.0,16,256,SSD,DDR4,C,"15""",No,615.0
1122,2022.0,8,512,SSD,DDR4,C,"15""",Yes,495.0
1123,2021.0,4,128,SSD,DDR4,C,"12""",No,325.0
1124,2018.0,6,256,SSD,DDR4,A,"12""",No,365.0
1125,2020.0,12,256,SSD,DDR4,C,"14""",No,575.0
1126,2017.0,8,128,HDD,DDR4,C,"14""",No,445.0
1127,2017.0,8,256,SSD,DDR4,B,"15""",No,475.0
1128,2017.0,8,512,HDD,DDR4,C,"15""",No,415.0
1129,2018.0,8,512,HDD,DDR4,C,"15""",No,435.0
1130,2016.0,8,512,HDD,DDR4,C,"14""",No,445.0
1131,2017.0,16,256,HDD,DDR4,C,"15""",No,505.0
1132,2019.0,6,512,HDD,DDR4,C,"12""",No,375.0
1133,2021.0,16,256,SSD,DDR4,A,"16""",No,745.0
1134,2022.0,4,256,HDD,DDR4,A,"12""",No,305.0
1135,2020.0,4,256,HDD,DDR4,A,"15""",No,355.0
1136,2019.0,16,128,SSD,DDR4,C,"14""",No,515.0
1137,2016.0,32,256,HDD,DDR4,C,"15""",No,1095.0
1138,2019.0,8,120,SSD,DDR4,C,"12""",No,335.0
1139,2017.0,4,256,SSD,DDR4,,"15""",No,395.0
1140,2016.0,4,120,SSD,DDR4,C,"15""",No,385.0
1141,2019.0,8,1024,HDD,DDR4,C,"15""",No,425.0
1142,2023.0,4,120,SSD,DDR4,C,"15""",No,325.0
1143,2020.0,4,128,SSD,DDR4,C,"16""",No,395.0
1144,2016.0,4,512,HDD,DDR4,C,"14""",No,315.0
1145,2019.0,6,1024,SSD,DDR4,C,"15""",No,425.0
1146,2015.0,8,512,HDD,DDR3,C,"15""",No,365.0
1147,2022.0,16,1024,HDD,DDR4,B,"14""",No,605.0
1148,2017.0,8,256,SSD,DDR4,A,"12""",No,415.0
1149,2019.0,8,256,SSD,DDR4,C,"14""",No,345.0
1150,2015.0,12,512,HDD,DDR3,,"15""",No,405.0
1151,2019.0,16,1024,SSD,DDR4,C,"12""",No,735.0
1152,2018.0,16,120,SSD,DDR4,C,"14""",No,555.0
1153,2020.0,8,512,SSD,DDR4,C,"14""",Yes,525.0
1154,2021.0,32,2000,SSD,DDR4,B,"12""",No,915.0
1155,2021.0,8,1024,SSD,DDR4,C,"14""",Yes,525.0
1156,2020.0,16,1024,SSD,DDR4,C,"16""",No,685.0
1157,2019.0,32,512,SSD,DDR4,C,"15""",No,905.0
1158,2019.0,32,256,SSD,DDR4,C,"14""",No,1125.0
1159,2017.0,4,512,SSD,DDR4,C,"14""",No,365.0
1160,2018.0,32,512,SSD,DDR4,A,"15""",No,1155.0
1161,2018.0,16,128,SSD,DDR4,A,"12""",No,615.0
1162,2019.0,16,256,SSD,DDR4,A,"15""",No,665.0
1163,2022.0,4,512,SSD,DDR4,C,"14""",No,375.0
1164,2017.0,16,512,HDD,DDR4,A,"15""",No,805.0
1165,2018.0,8,512,HDD,DDR4,C,"12""",No,345.0
1166,2023.0,16,120,SSD,DDR4,B,"16""",Yes,725.0
1167,2021.0,16,256,SSD,DDR4,A,"15""",Yes,735.0
1168,2020.0,16,256,SSD,DDR4,A,"16""",No,825.0
1169,2020.0,16,256,HDD,DDR4,C,"15""",No,595.0
1170,2013.0,8,120,HDD,DDR3,C,"15""",No,315.0
1171,2019.0,8,256,HDD,DDR4,C,"15""",No,445.0
1172,2020.0,8,512,SSD,DDR4,C,"16""",No,535.0
1173,2019.0,32,2000,SSD,DDR4,A,"12""",No,1005.0
1174,2019.0,4,256,HDD,DDR4,C,"16""",No,325.0
1175,2018.0,16,256,SSD,DDR4,C,"15""",No,705.0
1176,2019.0,8,512,HDD,DDR4,C,"15""",No,385.0
1177,2020.0,32,256,SSD,DDR4,A,"14""",No,1015.0
1178,2017.0,8,256,SSD,DDR4,A,"14""",No,525.0
1179,2019.0,8,2000,SSD,DDR4,C,"15""",No,545.0
1180,2019.0,4,128,SSD,DDR4,C,"15""",No,335.0
1181,2021.0,16,512,SSD,DDR4,C,"12""",Yes,545.0
1182,2020.0,16,1024,SSD,DDR4,B,"14""",No,735.0
1183,2019.0,16,256,SSD,DDR4,C,"12""",No,595.0
1184,2018.0,8,256,HDD,DDR4,C,"12""",No,365.0
1185,2017.0,16,256,SSD,DDR4,A,"12""",No,665.0
1186,2018.0,8,128,SSD,DDR4,C,"15""",No,435.0
1187,2020.0,32,2000,SSD,DDR4,C,"14""",No,995.0
1188,2021.0,16,256,SSD,DDR4,C,"16""",No,695.0
1189,2019.0,8,256,SSD,DDR4,A,"15""",No,525.0
1190,2021.0,8,512,SSD,DDR4,C,"12""",No,465.0
1191,2016.0,32,512,HDD,DDR4,A,"14""",No,1145.0
1192,2016.0,4,256,HDD,DDR4,C,"12""",No,305.0
1193,2020.0,16,256,HDD,DDR4,B,"12""",Yes,645.0
1194,2018.0,8,512,SSD,DDR4,,"12""",No,345.0
1195,2018.0,8,512,SSD,DDR4,C,"15""",No,445.0
1196,2017.0,16,256,SSD,DDR4,C,"12""",No,565.0
1197,2019.0,32,256,SSD,DDR4,C,"15""",No,875.0
1198,2018.0,4,256,SSD,DDR4,C,"15""",No,395.0
1199,2019.0,8,256,SSD,DDR4,A,"15""",No,555.0
1200,2018.0,16,256,HDD,DDR4,C,"15""",No,695.0
1201,2014.0,16,256,SSD,DDR3,C,"15""",No,475.0
1202,2020.0,16,256,SSD,DDR4,C,"16""",No,775.0
1203,2019.0,4,512,SSD,DDR4,A,"14""",No,405.0
1204,2023.0,32,256,SSD,DDR4,A,"16""",No,1005.0
1205,2017.0,8,256,SSD,DDR4,C,"15""",No,395.0
1206,2019.0,8,256,HDD,DDR4,C,"15""",No,415.0
1207,2018.0,16,256,SSD,DDR4,A,"12""",No,515.0
1208,2021.0,12,512,HDD,DDR4,A,"12""",No,505.0
1209,2019.0,8,128,SSD,DDR4,A,"12""",No,465.0
1210,2019.0,6,128,HDD,DDR4,C,"16""",No,395.0
1211,2021.0,8,512,SSD,DDR4,B,"15""",No,515.0
1212,2018.0,8,256,HDD,DDR4,A,"15""",No,495.0
1213,2017.0,8,256,HDD,DDR4,C,"15""",No,435.0
1214,2020.0,12,256,SSD,DDR4,A,"14""",No,585.0
1215,2019.0,16,128,HDD,DDR4,C,"14""",No,705.0
1216,2018.0,4,512,SSD,DDR4,A,"15""",No,465.0
1217,2023.0,6,128,SSD,DDR4,B,"14""",No,385.0
1218,2018.0,32,512,SSD,DDR4,B,"15""",No,1195.0
1219,2017.0,8,512,SSD,DDR4,C,"12""",No,375.0
1220,2021.0,6,512,SSD,DDR4,C,"16""",No,455.0
1221,2018.0,16,128,SSD,DDR4,B,"14""",No,575.0
1222,2018.0,8,2000,HDD,DDR4,,"12""",No,395.0
1223,2021.0,8,1024,SSD,DDR4,C,"15""",No,495.0
1224,2019.0,8,1024,HDD,DDR4,C,"16""",No,505.0
1225,2022.0,16,256,SSD,DDR4,C,"12""",Yes,605.0
1226,2018.0,8,256,SSD,DDR4,C,"15""",No,445.0
1227,2019.0,8,256,SSD,DDR4,C,"15""",No,425.0
1228,2015.0,16,512,SSD,DDR3,C,"14""",No,445.0
1229,2020.0,8,256,HDD,DDR4,B,"12""",No,315.0
1230,2021.0,32,256,SSD,DDR4,B,"15""",No,1315.0
1231,2020.0,16,512,SSD,DDR4,B,"16""",Yes,905.0
1232,2017.0,16,2000,SSD,DDR4,A,"15""",No,815.0
1233,2019.0,6,1024,HDD,DDR4,A,"14""",No,535.0
1234,2020.0,8,256,SSD,DDR4,C,"14""",No,475.0
1235,2021.0,12,256,SSD,DDR4,A,"15""",No,575.0
1236,2020.0,8,1024,SSD,DDR4,B,"16""",No,595.0
1237,2020.0,16,512,SSD,DDR4,A,"15""",No,885.0
1238,2022.0,8,128,SSD,DDR4,A,"15""",Yes,595.0
1239,2020.0,4,128,HDD,DDR4,C,"14""",No,305.0
1240,2020.0,8,256,SSD,DDR4,C,"15""",No,455.0
1241,2020.0,16,512,SSD,DDR4,A,"12""",No,765.0
1242,2018.0,32,256,SSD,DDR4,C,"12""",No,1105.0
1243,2020.0,4,512,HDD,DDR4,C,"15""",No,335.0
1244,2019.0,12,512,HDD,DDR4,A,"15""",No,655.0
1245,2020.0,8,512,SSD,DDR4,A,"14""",No,505.0
1246,2021.0,8,512,HDD,DDR4,C,"12""",No,435.0
1247,2018.0,16,512,SSD,DDR4,C,"14""",No,585.0
1248,2018.0,4,120,HDD,DDR4,C,"14""",No,265.0
1249,2019.0,16,2000,SSD,DDR4,C,"12""",No,675.0
1250,2019.0,16,128,HDD,DDR4,B,"12""",No,715.0
1251,2020.0,12,256,HDD,DDR4,C,"16""",No,625.0
1252,2019.0,4,256,SSD,DDR4,C,"12""",No,285.0
1253,2019.0,16,1024,HDD,DDR4,C,"14""",No,575.0
1254,2018.0,16,512,HDD,DDR4,C,"15""",No,575.0
1255,2020.0,32,512,SSD,DDR4,C,"15""",No,1045.0
1256,2019.0,12,256,HDD,DDR4,B,"15""",No,545.0
1257,2016.0,16,256,HDD,DDR4,C,"15""",No,545.0
1258,2020.0,8,256,SSD,DDR4,B,"12""",No,415.0
1259,2019.0,8,512,SSD,DDR4,C,"14""",No,395.0
1260,2019.0,16,128,SSD,DDR4,A,"12""",No,585.0
1261,2017.0,8,256,HDD,DDR4,C,"15""",No,445.0
1262,2018.0,12,1024,SSD,DDR4,A,"12""",No,585.0
1263,2020.0,8,512,SSD,DDR4,B,"15""",No,505.0
1264,2024.0,32,256,SSD,DDR4,C,"12""",No,825.0
1265,2018.0,12,512,HDD,DDR4,C,"14""",No,455.0
1266,2020.0,8,128,SSD,DDR4,B,"12""",No,415.0
1267,2020.0,8,256,SSD,DDR4,C,"12""",No,415.0
1268,2019.0,8,1024,SSD,DDR4,C,"15""",No,445.0
1269,2020.0,16,512,SSD,DDR4,A,"15""",No,805.0
1270,2019.0,8,256,HDD,DDR4,C,"15""",No,405.0
1271,2020.0,4,120,SSD,DDR4,A,"12""",No,315.0
1272,2021.0,8,256,SSD,DDR4,B,"12""",No,505.0
1273,2019.0,16,128,SSD,DDR4,C,"14""",No,645.0
1274,2021.0,8,128,SSD,DDR4,A,"12""",No,365.0
1275,2019.0,8,256,SSD,DDR4,A,"14""",No,465.0
1276,2021.0,8,512,SSD,DDR4,C,"15""",No,495.0
1277,2021.0,4,512,SSD,DDR4,A,"16""",No,525.0
1278,2021.0,8,128,SSD,DDR4,C,"12""",Yes,375.0
1279,2017.0,8,1024,SSD,DDR4,C,"12""",No,365.0
1280,2017.0,8,512,SSD,DDR4,C,"14""",No,465.0
1281,2013.0,16,256,HDD,DDR3,C,"12""",No,305.0
1282,2015.0,8,128,HDD,DDR3,A,"12""",No,315.0
1283,2025.0,16,128,SSD,DDR4,A,"15""",No,845.0
1284,2017.0,16,128,HDD,DDR4,C,"14""",No,465.0
1285,2018.0,16,2000,HDD,DDR4,B,"12""",No,675.0
1286,2019.0,8,1024,SSD,DDR4,C,"15""",No,525.0
1287,2019.0,16,1024,SSD,DDR4,C,"14""",No,625.0
1288,2016.0,16,1024,HDD,DDR4,C,"15""",No,645.0
1289,2022.0,16,256,SSD,DDR4,A,"14""",No,675.0
1290,2018.0,32,120,SSD,DDR4,A,"12""",No,1125.0
1291,2019.0,8,256,SSD,DDR4,A,"14""",No,415.0
1292,2021.0,32,512,HDD,DDR4,A,"12""",No,1125.0
1293,2017.0,8,512,SSD,DDR4,C,"15""",No,465.0
1294,2019.0,8,512,HDD,DDR4,C,"15""",No,535.0
1295,2018.0,16,1024,SSD,DDR4,C,"15""",No,595.0
1296,2017.0,16,512,SSD,DDR4,A,"12""",No,775.0
1297,2018.0,32,512,SSD,DDR4,C,"15""",No,1175.0
1298,2019.0,8,1024,SSD,DDR4,C,"14""",No,435.0
1299,2018.0,8,128,SSD,DDR4,A,"15""",No,465.0
1300,2019.0,16,512,SSD,DDR4,C,"16""",No,655.0
1301,2016.0,12,2000,SSD,DDR4,C,"15""",No,645.0
1302,2021.0,16,512,HDD,DDR4,B,"12""",No,645.0
1303,2021.0,8,256,SSD,DDR4,B,"15""",No,515.0
1304,2022.0,16,1024,SSD,DDR4,B,"15""",No,815.0
1305,2023.0,8,256,SSD,DDR4,B,"14""",No,415.0
1306,2020.0,32,512,SSD,DDR4,C,"12""",No,855.0
1307,2018.0,8,128,SSD,DDR4,C,"14""",No,415.0
1308,2019.0,8,512,SSD,DDR4,A,"15""",No,515.0
1309,2021.0,4,128,HDD,DDR4,B,"16""",No,355.0
1310,2018.0,32,512,SSD,DDR4,,"14""",No,1025.0
1311,2022.0,4,128,SSD,DDR4,A,"15""",No,415.0
1312,2020.0,4,512,HDD,DDR4,C,"12""",No,345.0
1313,2019.0,6,256,SSD,DDR4,A,"14""",No,395.0
1314,2022.0,8,128,HDD,DDR4,C,"15""",No,445.0
1315,2020.0,32,512,SSD,DDR4,B,"14""",No,925.0
1316,2018.0,12,256,HDD,DDR4,C,"12""",No,395.0
1317,2016.0,32,256,SSD,DDR4,C,"12""",No,1045.0
1318,2016.0,8,512,SSD,DDR4,C,"12""",No,395.0
1319,2022.0,16,256,SSD,DDR4,A,"16""",No,785.0
1320,2018.0,16,512,HDD,DDR4,C,"14""",No,505.0
1321,2019.0,16,512,SSD,DDR4,C,"12""",No,555.0
1322,2019.0,32,1024,SSD,DDR4,C,"14""",No,1055.0
1323,2021.0,4,1024,HDD,DDR4,A,"12""",No,365.0
1324,2019.0,16,512,HDD,DDR4,C,"14""",No,665.0
1325,2014.0,32,120,SSD,DDR3,C,"15""",No,625.0
1326,2021.0,8,128,SSD,DDR4,A,"12""",No,445.0
1327,2020.0,8,128,HDD,DDR4,C,"14""",Yes,425.0
1328,2017.0,8,120,HDD,DDR4,C,"15""",No,395.0
1329,2020.0,32,256,SSD,DDR4,C,"12""",No,995.0
1330,2015.0,12,512,SSD,DDR3,C,"14""",No,475.0
1331,2020.0,4,512,SSD,DDR4,C,"15""",No,365.0
1332,2017.0,16,512,HDD,DDR4,C,"15""",No,665.0
1333,2017.0,8,1024,SSD,DDR4,C,"14""",No,425.0
1334,2020.0,8,256,SSD,DDR4,C,"16""",No,455.0
1335,2019.0,8,256,HDD,DDR4,A,"15""",No,515.0
1336,2017.0,8,512,HDD,DDR4,C,"12""",No,385.0
1337,2020.0,16,256,SSD,DDR4,C,"15""",No,565.0
1338,2016.0,4,256,SSD,DDR4,C,"15""",No,395.0
1339,2017.0,8,512,HDD,DDR4,C,"12""",No,385.0
1340,2019.0,16,256,SSD,DDR4,C,"12""",No,575.0
1341,2016.0,8,256,SSD,DDR4,C,"14""",No,385.0
1342,2016.0,8,2000,HDD,DDR4,C,"14""",No,455.0
1343,2017.0,16,512,SSD,DDR4,C,"12""",No,595.0
1344,2019.0,16,512,SSD,DDR4,A,"12""",No,745.0
1345,2020.0,32,512,SSD,DDR4,A,"15""",No,1015.0
1346,2019.0,16,128,SSD,DDR4,C,"14""",No,625.0
1347,2017.0,6,120,SSD,DDR4,B,"15""",No,465.0
1348,2019.0,16,512,SSD,DDR4,,"15""",No,585.0
1349,2021.0,16,2000,SSD,DDR4,A,"16""",No,905.0
1350,2019.0,8,256,SSD,DDR4,C,"12""",No,385.0
1351,,16,512,HDD,DDR4,A,"14""",No,815.0
1352,2020.0,16,512,SSD,DDR4,B,"15""",No,675.0
1353,2021.0,16,128,SSD,DDR4,C,"12""",Yes,655.0
1354,2018.0,32,512,SSD,DDR4,C,"12""",No,975.0
1355,2015.0,16,512,SSD,DDR3,C,"14""",No,485.0
1356,2021.0,4,512,SSD,DDR4,B,"12""",No,295.0
1357,2011.0,4,128,SSD,DDR3,C,"12""",No,205.0
1358,2021.0,16,512,SSD,DDR4,C,"15""",No,705.0
1359,2022.0,8,512,SSD,DDR4,B,"15""",No,425.0
1360,,8,1024,SSD,DDR4,C,"12""",No,445.0
1361,2021.0,32,256,SSD,DDR4,B,"14""",No,1105.0
1362,2018.0,6,1024,SSD,DDR4,C,"14""",No,385.0
1363,2022.0,8,512,SSD,DDR4,A,"16""",Yes,635.0
1364,2018.0,16,512,SSD,DDR4,C,"15""",No,615.0
1365,2018.0,16,256,SSD,DDR4,C,"14""",No,625.0
1366,2019.0,4,256,HDD,DDR4,A,"15""",No,475.0
1367,2021.0,8,256,SSD,DDR4,C,"14""",No,475.0
1368,2014.0,8,512,SSD,DDR3,C,"14""",No,385.0
1369,2019.0,16,1024,HDD,DDR4,C,"12""",No,545.0
1370,2021.0,32,128,SSD,DDR4,A,"14""",Yes,1365.0
1371,2021.0,32,1024,SSD,DDR4,B,"16""",No,1355.0
1372,2017.0,16,120,HDD,DDR4,C,"12""",No,425.0
1373,2019.0,16,128,SSD,DDR4,A,"15""",No,705.0
1374,2020.0,8,256,HDD,DDR4,C,"12""",Yes,475.0
1375,2018.0,32,512,SSD,DDR4,A,"12""",No,1305.0
1376,2018.0,8,1024,SSD,DDR4,C,"15""",No,505.0
1377,2019.0,8,512,SSD,DDR4,C,"14""",No,425.0
1378,2019.0,4,256,HDD,DDR4,A,"12""",No,365.0
1379,2017.0,8,256,SSD,DDR4,C,"15""",No,475.0
1380,2019.0,8,256,SSD,DDR4,C,"14""",No,365.0
1381,2021.0,16,256,HDD,DDR4,B,"15""",No,665.0
1382,2021.0,32,120,SSD,DDR4,B,"12""",Yes,965.0
1383,2023.0,8,256,SSD,DDR4,A,"15""",No,605.0
1384,2016.0,16,256,HDD,DDR4,C,"14""",No,645.0
1385,2022.0,16,512,SSD,DDR4,B,"16""",No,755.0
1386,2017.0,16,256,HDD,DDR4,A,"12""",No,645.0
1387,2019.0,8,1024,SSD,DDR4,C,"15""",No,545.0
1388,2019.0,8,512,HDD,DDR4,A,"15""",No,535.0
1389,2018.0,12,128,HDD,DDR4,C,"15""",No,435.0
1390,2019.0,6,512,HDD,DDR4,A,"14""",No,395.0
1391,2019.0,32,512,SSD,DDR4,A,"12""",No,1185.0
1392,2019.0,6,256,SSD,DDR4,C,"14""",No,335.0
1393,2022.0,8,512,SSD,DDR4,A,"15""",Yes,585.0
1394,2019.0,12,256,SSD,DDR4,C,"14""",No,515.0
1395,2020.0,8,256,SSD,DDR4,C,"14""",No,365.0
1396,2022.0,16,1024,HDD,DDR4,C,"14""",No,625.0
1397,2021.0,16,256,SSD,DDR4,A,"16""",No,675.0
1398,2019.0,32,512,SSD,DDR4,C,"12""",No,1105.0
1399,2021.0,8,256,HDD,DDR4,C,"16""",No,475.0
1400,2017.0,16,512,HDD,DDR4,C,"12""",No,665.0
1401,2019.0,8,256,SSD,DDR4,C,"14""",No,405.0
1402,2017.0,32,256,SSD,DDR4,C,"15""",No,1065.0
1403,2018.0,32,2000,SSD,DDR4,A,"15""",No,1275.0
1404,2018.0,4,256,SSD,DDR4,A,"12""",No,295.0
1405,2020.0,8,128,SSD,DDR4,C,"12""",No,315.0
1406,2022.0,16,128,HDD,DDR4,B,"15""",No,685.0
1407,2017.0,4,128,SSD,DDR4,C,"15""",No,365.0
1408,2018.0,8,2000,SSD,DDR4,C,"15""",No,555.0
1409,2024.0,16,128,SSD,DDR4,A,"12""",No,755.0
1410,2022.0,16,1024,SSD,DDR4,A,"14""",No,685.0
1411,2018.0,8,1024,SSD,DDR4,C,"15""",No,475.0
1412,2018.0,12,120,HDD,DDR4,C,"15""",No,585.0
1413,2017.0,16,128,SSD,DDR4,,"14""",No,635.0
1414,2019.0,8,512,SSD,DDR4,C,"14""",No,445.0
1415,2021.0,4,512,SSD,DDR4,C,"16""",No,355.0
1416,2015.0,16,120,SSD,DDR3,C,"14""",No,485.0
1417,2021.0,8,2000,SSD,DDR4,C,"14""",No,565.0
1418,2018.0,8,120,HDD,DDR4,A,"14""",No,505.0
1419,2019.0,8,512,SSD,DDR4,C,"15""",No,455.0
1420,2020.0,8,2000,SSD,DDR4,A,"16""",No,635.0
1421,2016.0,16,512,SSD,DDR4,C,"14""",No,575.0
1422,2019.0,8,128,HDD,DDR4,A,"14""",No,385.0
1423,2019.0,16,256,SSD,DDR4,C,"15""",No,635.0
1424,2016.0,8,128,SSD,DDR4,C,"12""",No,375.0
1425,2019.0,8,128,HDD,DDR4,C,"14""",No,355.0
1426,2021.0,6,512,HDD,DDR4,B,"16""",No,425.0
1427,2019.0,4,128,SSD,DDR4,C,"15""",No,315.0
1428,2018.0,16,256,SSD,DDR4,C,"15""",No,655.0
1429,2023.0,12,256,HDD,DDR4,A,"16""",No,675.0
1430,2019.0,32,512,SSD,DDR4,C,"14""",No,1115.0
1431,,16,256,SSD,DDR4,A,"15""",No,765.0
1432,2019.0,4,128,SSD,DDR4,A,"12""",No,295.0
1433,2018.0,12,512,SSD,DDR4,C,"12""",No,455.0
1434,2021.0,16,2000,SSD,DDR4,C,"15""",No,705.0
1435,2022.0,32,256,SSD,DDR4,B,"15""",Yes,1235.0
1436,2019.0,32,2000,SSD,DDR4,C,"15""",No,895.0
1437,2021.0,32,512,SSD,DDR4,A,"12""",No,915.0
1438,2022.0,8,128,SSD,DDR4,A,"16""",No,525.0
1439,2019.0,8,256,SSD,DDR4,A,"14""",No,565.0
1440,2020.0,8,256,HDD,DDR4,A,"15""",Yes,555.0
1441,2018.0,8,256,SSD,DDR4,C,"12""",No,365.0
1442,2019.0,12,512,HDD,DDR4,C,"12""",No,425.0
1443,2016.0,16,256,SSD,DDR4,C,"14""",No,625.0
1444,2018.0,32,1024,SSD,DDR4,B,"15""",No,1035.0
1445,2018.0,8,120,HDD,DDR4,C,"12""",No,345.0
1446,2019.0,16,128,SSD,DDR4,A,"14""",No,655.0
1447,2019.0,16,256,HDD,DDR4,C,"14""",No,555.0
1448,2020.0,4,512,SSD,DDR4,A,"14""",No,465.0
1449,2019.0,16,256,SSD,DDR4,C,"15""",No,735.0
1450,2021.0,8,256,SSD,DDR4,C,"14""",Yes,475.0
1451,2022.0,16,512,SSD,DDR4,C,"14""",No,505.0
1452,2018.0,4,256,HDD,DDR4,C,"14""",No,315.0
1453,2019.0,16,256,SSD,DDR4,C,"12""",No,565.0
1454,2019.0,8,256,SSD,DDR4,C,"14""",No,365.0
1455,2019.0,32,256,SSD,DDR4,,"14""",No,1105.0
1456,2019.0,12,512,HDD,DDR4,C,"15""",No,535.0
1457,2018.0,4,2000,SSD,DDR4,C,"14""",No,405.0
1458,2019.0,8,128,SSD,DDR4,C,"14""",No,405.0
1459,2016.0,8,512,HDD,DDR4,C,"14""",No,415.0
1460,2015.0,8,256,SSD,DDR3,C,"12""",No,275.0
1461,2017.0,32,512,SSD,DDR4,C,"14""",No,1205.0
1462,2016.0,4,512,HDD,DDR4,A,"15""",No,455.0
1463,2019.0,16,512,SSD,DDR4,C,"12""",No,555.0
1464,2023.0,4,1024,SSD,DDR4,A,"14""",No,445.0
1465,2019.0,32,512,HDD,DDR4,C,"12""",No,775.0
1466,2021.0,8,512,SSD,DDR4,C,"14""",Yes,435.0
1467,2019.0,16,512,SSD,DDR4,A,"14""",No,655.0
1468,2020.0,8,512,SSD,DDR4,C,"12""",No,315.0
1469,2018.0,8,128,SSD,DDR4,C,"14""",No,365.0
1470,2022.0,8,256,SSD,DDR4,A,"15""",No,455.0
1471,2020.0,8,128,SSD,DDR4,A,"15""",No,425.0
1472,2019.0,16,128,SSD,DDR4,C,"15""",No,685.0
1473,2017.0,16,256,HDD,DDR4,C,"15""",No,705.0
1474,2015.0,8,512,HDD,DDR3,C,"12""",No,325.0
1475,2016.0,8,512,SSD,DDR4,C,"12""",No,475.0
1476,2019.0,8,256,SSD,DDR4,C,"15""",No,375.0
1477,2019.0,32,512,HDD,DDR4,B,"15""",No,1335.0
1478,2016.0,8,256,HDD,DDR4,C,"14""",No,435.0
1479,2018.0,12,512,HDD,DDR4,C,"14""",No,445.0
1480,2017.0,16,128,SSD,DDR4,C,"14""",No,595.0
1481,2015.0,8,256,SSD,DDR3,C,"14""",No,385.0
1482,2016.0,16,256,HDD,DDR4,C,"12""",No,525.0
1483,2019.0,8,2000,SSD,DDR4,A,"14""",No,575.0
1484,2019.0,12,512,SSD,DDR4,B,"15""",No,555.0
1485,2020.0,8,512,SSD,DDR4,C,"15""",No,505.0
1486,2021.0,16,120,HDD,DDR4,A,"14""",No,765.0
1487,2017.0,16,1024,SSD,DDR4,C,"12""",No,655.0
1488,2019.0,8,512,HDD,DDR4,C,"15""",No,475.0
1489,2017.0,4,256,HDD,DDR4,C,"14""",No,285.0
1490,2018.0,8,128,SSD,DDR4,A,"15""",No,545.0
1491,2016.0,32,256,SSD,DDR4,C,"12""",No,995.0
1492,2019.0,4,128,HDD,DDR4,B,"15""",No,375.0
1493,2021.0,8,120,SSD,DDR4,A,"15""",No,445.0
1494,2021.0,4,256,SSD,DDR4,A,"14""",No,415.0
1495,2016.0,16,512,SSD,DDR4,C,"12""",No,655.0
1496,2019.0,32,1024,HDD,DDR4,C,"15""",No,1075.0
1497,2023.0,8,256,SSD,DDR4,A,"16""",No,605.0
1498,2019.0,8,2000,HDD,DDR4,A,"15""",No,685.0
1499,2018.0,4,512,SSD,DDR4,B,"15""",No,415.0
1500,2020.0,16,120,SSD,DDR4,,"12""",Yes,675.0
1501,2018.0,4,512,HDD,DDR4,B,"12""",No,335.0
1502,2018.0,4,1024,HDD,DDR4,C,"12""",No,265.0
1503,2020.0,8,256,HDD,DDR4,,"12""",No,375.0
1504,2018.0,8,256,SSD,DDR4,B,"14""",No,425.0
1505,2022.0,8,1024,SSD,DDR4,A,"12""",No,495.0
1506,2020.0,16,120,SSD,DDR4,C,"12""",No,475.0
1507,2020.0,16,128,SSD,DDR4,C,"15""",Yes,735.0
1508,2020.0,32,120,SSD,DDR4,A,"14""",No,1065.0
1509,2019.0,4,512,SSD,DDR4,C,"15""",No,395.0
1510,2016.0,8,512,SSD,DDR4,A,"15""",No,525.0
1511,2018.0,4,512,SSD,DDR4,A,"15""",No,425.0
1512,2021.0,16,120,SSD,DDR4,C,"15""",No,645.0
1513,2022.0,8,256,HDD,DDR4,C,"15""",No,405.0
1514,2019.0,16,1024,SSD,DDR4,C,"12""",No,635.0
1515,2020.0,8,512,SSD,DDR4,A,"15""",Yes,695.0
1516,2017.0,8,256,HDD,DDR4,C,"15""",No,415.0
1517,2016.0,4,512,HDD,DDR4,C,"14""",No,315.0
1518,2019.0,16,256,HDD,DDR4,A,"14""",No,695.0
1519,2019.0,16,128,SSD,DDR4,C,"14""",No,625.0
1520,2021.0,8,128,SSD,DDR4,C,"14""",No,425.0
1521,2020.0,16,256,SSD,DDR4,C,"15""",No,565.0
1522,2021.0,8,256,SSD,DDR4,C,"14""",No,425.0
1523,2019.0,8,512,SSD,DDR4,A,"14""",No,555.0
1524,2018.0,6,128,SSD,DDR4,C,"14""",No,375.0
1525,2020.0,8,256,HDD,DDR4,C,"12""",No,355.0
1526,2020.0,8,1024,HDD,DDR4,C,"16""",No,485.0
1527,2020.0,32,1024,SSD,DDR4,B,"12""",Yes,1265.0
1528,2020.0,8,256,SSD,DDR4,C,"14""",Yes,525.0
1529,2017.0,8,256,HDD,DDR4,C,"12""",No,355.0
1530,2020.0,16,256,SSD,DDR4,C,"14""",No,725.0
1531,2021.0,32,256,HDD,DDR4,A,"15""",No,1205.0
1532,2021.0,16,512,SSD,DDR4,C,"12""",No,645.0
1533,2020.0,8,256,HDD,DDR4,C,"12""",No,385.0
1534,2019.0,8,1024,SSD,DDR4,C,"15""",No,495.0
1535,2020.0,4,256,SSD,DDR4,C,"14""",No,345.0
1536,2018.0,16,512,SSD,DDR4,C,"14""",No,555.0
1537,2020.0,8,128,SSD,DDR4,A,"14""",Yes,605.0
1538,2019.0,16,128,SSD,DDR4,A,"14""",No,755.0
1539,2018.0,8,512,SSD,DDR4,C,"14""",No,445.0
1540,2020.0,4,512,SSD,DDR4,A,"15""",No,425.0
1541,2022.0,32,256,SSD,DDR4,A,"15""",No,1185.0
1542,2021.0,16,512,SSD,DDR4,A,"12""",No,625.0
1543,2021.0,16,512,HDD,DDR4,C,"14""",No,675.0
1544,2017.0,12,256,HDD,DDR4,C,"14""",No,525.0
1545,2021.0,32,512,SSD,DDR4,C,"15""",No,925.0
1546,2022.0,8,256,SSD,DDR4,B,"15""",No,445.0
1547,2019.0,4,256,SSD,DDR4,A,"14""",No,345.0
1548,2017.0,4,256,SSD,DDR4,B,"15""",No,345.0
1549,2019.0,8,512,SSD,DDR4,C,"14""",No,375.0
1550,2017.0,8,256,SSD,DDR4,C,"15""",No,515.0
1551,2021.0,32,256,SSD,DDR4,A,"15""",No,1145.0
1552,2021.0,8,256,SSD,DDR4,A,"14""",No,555.0
1553,2019.0,32,512,SSD,DDR4,C,"14""",No,955.0
1554,2020.0,8,128,SSD,DDR4,C,"15""",No,455.0
1555,2018.0,8,128,SSD,DDR4,A,"15""",No,505.0
1556,2021.0,4,120,SSD,DDR4,C,"15""",No,335.0
1557,2022.0,8,256,SSD,DDR4,A,"15""",No,445.0
1558,2019.0,16,128,HDD,DDR4,C,"14""",No,595.0
1559,2019.0,8,512,HDD,DDR4,A,"14""",No,455.0
1560,2021.0,4,256,SSD,DDR4,C,"15""",No,355.0
1561,2018.0,8,256,SSD,DDR4,C,"14""",No,405.0
1562,2015.0,4,1024,SSD,DDR3,A,"15""",No,415.0
1563,2020.0,4,512,HDD,DDR4,C,"12""",No,255.0
1564,2016.0,8,128,SSD,DDR4,A,"14""",No,535.0
1565,2016.0,8,256,SSD,DDR4,C,"15""",No,415.0
1566,2018.0,8,256,SSD,DDR4,B,"15""",No,505.0
1567,2021.0,4,128,HDD,DDR4,C,"14""",No,335.0
1568,2018.0,8,2000,SSD,DDR4,C,"15""",No,585.0
1569,2016.0,12,1024,SSD,DDR4,,"15""",No,575.0
1570,2019.0,32,512,SSD,DDR4,C,"15""",No,975.0
1571,2019.0,8,128,SSD,DDR4,A,"16""",No,575.0
1572,2018.0,16,512,HDD,DDR4,C,"15""",No,615.0
1573,2018.0,8,1024,SSD,DDR4,C,"15""",No,525.0
1574,2020.0,8,256,HDD,DDR4,C,"14""",No,375.0
1575,2021.0,16,512,SSD,DDR4,C,"15""",No,665.0
1576,2020.0,8,256,SSD,DDR4,C,"14""",No,425.0
1577,2019.0,8,512,SSD,DDR4,C,"16""",No,545.0
1578,2021.0,16,2000,SSD,DDR4,C,"14""",No,735.0
1579,2020.0,4,512,SSD,DDR4,A,"16""",No,495.0
1580,2020.0,8,512,SSD,DDR4,C,"12""",No,395.0
1581,2015.0,8,512,SSD,DDR3,C,"12""",No,285.0
1582,2020.0,8,512,SSD,DDR4,A,"14""",No,485.0
1583,2018.0,6,256,HDD,DDR4,A,"15""",No,485.0
1584,2017.0,8,1024,HDD,DDR4,A,"15""",No,605.0
1585,2018.0,16,256,SSD,DDR4,C,"15""",No,665.0
1586,2019.0,16,128,SSD,DDR4,C,"15""",No,545.0
1587,2017.0,16,512,HDD,DDR4,C,"15""",No,615.0
1588,2020.0,8,512,SSD,DDR4,A,"16""",No,505.0
1589,2018.0,8,256,SSD,DDR4,C,"15""",No,465.0
1590,2017.0,8,128,HDD,DDR4,C,"15""",No,395.0
1591,2018.0,8,256,HDD,DDR4,A,"15""",No,505.0
1592,2016.0,4,256,HDD,DDR4,A,"15""",No,435.0
1593,2019.0,4,256,SSD,DDR4,B,"12""",No,245.0
1594,2020.0,32,512,SSD,DDR4,C,"16""",No,935.0
1595,2018.0,8,256,SSD,DDR4,B,"15""",No,435.0
1596,2018.0,4,512,SSD,DDR4,,"12""",No,345.0
1597,2019.0,12,512,SSD,DDR4,C,"14""",No,615.0
1598,,8,256,SSD,DDR4,C,"12""",No,445.0
1599,2020.0,8,128,SSD,DDR4,B,"14""",No,435.0
1600,2018.0,8,256,SSD,DDR4,C,"12""",No,355.0
1601,2022.0,8,256,HDD,DDR4,A,"12""",No,455.0
1602,2018.0,8,256,SSD,DDR4,C,"14""",No,505.0
1603,2018.0,16,256,SSD,DDR4,C,"15""",No,545.0
1604,2021.0,4,256,SSD,DDR4,A,"15""",No,465.0
1605,2020.0,8,256,SSD,DDR4,B,"12""",No,425.0
1606,2020.0,16,512,SSD,DDR4,C,"15""",No,715.0
1607,2018.0,8,256,SSD,DDR4,C,"15""",No,525.0
1608,2021.0,8,1024,SSD,DDR4,A,"12""",No,445.0
1609,2020.0,8,256,HDD,DDR4,C,"16""",No,465.0
1610,2018.0,16,1024,HDD,DDR4,B,"15""",No,675.0
1611,2015.0,4,120,SSD,DDR3,C,"15""",No,305.0
1612,2021.0,8,2000,SSD,DDR4,B,"15""",No,605.0
1613,2016.0,4,256,SSD,DDR4,C,"15""",No,315.0
1614,2017.0,4,512,SSD,DDR4,C,"12""",No,295.0
1615,2017.0,4,512,HDD,DDR4,C,"12""",No,295.0
1616,2017.0,8,2000,HDD,DDR4,C,"15""",No,555.0
1617,2018.0,16,256,SSD,DDR4,C,"15""",No,555.0
1618,2019.0,16,128,SSD,DDR4,C,"12""",No,555.0
1619,2019.0,16,1024,SSD,DDR4,B,"15""",No,725.0
1620,2019.0,4,128,HDD,DDR4,C,"12""",No,285.0
1621,2020.0,16,2000,SSD,DDR4,A,"14""",No,825.0
1622,2020.0,32,512,SSD,DDR4,B,"16""",No,1085.0
1623,2019.0,8,512,HDD,DDR4,C,"14""",No,395.0
1624,2020.0,8,512,SSD,DDR4,A,"12""",No,405.0
1625,2014.0,8,256,SSD,DDR3,A,"14""",No,465.0
1626,2024.0,12,512,SSD,DDR4,B,"14""",No,535.0
1627,2018.0,8,512,SSD,DDR4,C,"14""",No,435.0
1628,2021.0,16,120,SSD,DDR4,A,"15""",No,705.0
1629,2020.0,32,256,SSD,DDR4,C,"15""",No,965.0
1630,2018.0,32,256,SSD,DDR4,C,"15""",No,1025.0
1631,2016.0,8,512,HDD,DDR4,C,"12""",No,415.0
1632,2019.0,16,128,HDD,DDR4,A,"15""",No,765.0
1633,2019.0,8,2000,HDD,DDR4,C,"14""",No,455.0
1634,2017.0,4,256,SSD,DDR4,C,"15""",No,355.0
1635,2012.0,32,512,HDD,DDR3,C,"15""",No,655.0
1636,2021.0,16,128,SSD,DDR4,,"15""",No,705.0
1637,2020.0,4,512,HDD,DDR4,C,"15""",No,365.0
1638,2020.0,16,128,HDD,DDR4,C,"15""",Yes,635.0
1639,2018.0,16,512,HDD,DDR4,C,"14""",No,535.0
1640,2019.0,4,256,HDD,DDR4,C,"12""",No,305.0
1641,2020.0,16,512,SSD,DDR4,,"12""",No,565.0
1642,2018.0,8,512,SSD,DDR4,C,"12""",No,435.0
1643,2022.0,8,256,SSD,DDR4,B,"14""",Yes,585.0
1644,2020.0,8,256,SSD,DDR4,A,"15""",No,465.0
1645,2020.0,8,256,SSD,DDR4,C,"16""",No,465.0
1646,2019.0,32,128,HDD,DDR4,C,"15""",No,1175.0
1647,2023.0,32,256,SSD,DDR4,B,"14""",No,1145.0
1648,2017.0,8,120,HDD,DDR4,A,"15""",No,405.0
1649,2019.0,6,1024,SSD,DDR4,C,"15""",No,455.0
1650,2017.0,4,256,HDD,DDR4,C,"12""",No,295.0
1651,2018.0,8,256,HDD,DDR4,C,"14""",No,405.0
1652,2021.0,8,120,SSD,DDR4,A,"15""",No,445.0
1653,2019.0,16,256,SSD,DDR4,A,"14""",No,805.0
1654,2020.0,6,1024,HDD,DDR4,A,"12""",No,415.0
1655,2018.0,32,256,SSD,DDR4,C,"15""",No,945.0
1656,2021.0,16,512,SSD,DDR4,B,"14""",No,685.0
1657,2014.0,16,512,SSD,DDR3,C,"14""",No,445.0
1658,2020.0,16,256,SSD,DDR4,A,"14""",Yes,735.0
1659,2022.0,8,256,SSD,DDR4,C,"12""",No,385.0
1660,2016.0,16,512,HDD,DDR4,C,"14""",No,575.0
1661,2018.0,32,512,SSD,DDR4,C,"12""",No,1025.0
1662,2022.0,8,256,SSD,DDR4,,"14""",No,505.0
1663,2022.0,16,512,SSD,DDR4,A,"14""",No,695.0
1664,2018.0,8,256,HDD,DDR4,C,"15""",No,425.0
1665,2018.0,8,512,HDD,DDR4,A,"15""",No,555.0
1666,2019.0,16,1024,SSD,DDR4,A,"12""",No,585.0
1667,2021.0,8,512,SSD,DDR4,C,"15""",No,465.0
1668,2018.0,8,256,SSD,DDR4,,"14""",No,415.0
1669,2021.0,8,1024,SSD,DDR4,C,"15""",No,525.0
1670,2020.0,8,512,SSD,DDR4,C,"14""",No,455.0
1671,2018.0,8,256,HDD,DDR4,C,"14""",No,365.0
1672,2019.0,8,256,SSD,DDR4,C,"15""",No,475.0
1673,2021.0,8,256,SSD,DDR4,A,"14""",No,535.0
1674,2017.0,8,512,SSD,DDR4,C,"12""",No,385.0
1675,2016.0,8,512,HDD,DDR4,C,"12""",No,305.0
1676,2019.0,16,256,SSD,DDR4,C,"16""",No,575.0
1677,2020.0,8,512,SSD,DDR4,C,"15""",No,455.0
1678,2020.0,8,512,HDD,DDR4,B,"15""",No,565.0
1679,2022.0,8,512,HDD,DDR4,C,"15""",Yes,505.0
1680,2021.0,32,128,SSD,DDR4,C,"12""",No,1065.0
1681,2022.0,8,512,SSD,DDR4,C,"12""",No,455.0
1682,2017.0,8,512,SSD,DDR4,C,"14""",No,415.0
1683,2017.0,16,1024,HDD,DDR4,C,"15""",No,625.0
1684,2019.0,32,512,SSD,DDR4,C,"12""",No,975.0
1685,2018.0,16,256,SSD,DDR4,C,"14""",No,645.0
1686,2023.0,16,256,SSD,DDR4,C,"15""",No,655.0
1687,2018.0,8,256,HDD,DDR4,C,"15""",No,375.0
1688,2016.0,16,512,HDD,DDR4,C,"12""",No,435.0
1689,2020.0,8,512,HDD,DDR4,C,"15""",No,415.0
1690,2018.0,8,512,SSD,DDR4,C,"14""",No,455.0
1691,2019.0,8,128,SSD,DDR4,C,"15""",No,445.0
1692,2016.0,16,128,SSD,DDR4,A,"14""",No,815.0
1693,2017.0,16,256,SSD,DDR4,C,"12""",No,475.0
1694,2017.0,6,512,HDD,DDR4,C,"14""",No,335.0
1695,2020.0,4,128,HDD,DDR4,,"15""",No,345.0
1696,2018.0,16,256,HDD,DDR4,B,"12""",No,635.0
1697,2018.0,16,1024,SSD,DDR4,C,"12""",No,545.0
1698,2020.0,12,512,SSD,DDR4,C,"15""",No,585.0
1699,2017.0,32,256,SSD,DDR4,C,"15""",No,1155.0
1700,2022.0,12,512,SSD,DDR4,C,"16""",No,675.0
1701,2022.0,8,1024,HDD,DDR4,C,"12""",No,375.0
1702,2020.0,16,128,SSD,DDR4,C,"15""",No,665.0
1703,2021.0,8,256,HDD,DDR4,B,"15""",No,415.0
1704,2019.0,8,120,HDD,DDR4,B,"14""",No,415.0
1705,2018.0,4,120,SSD,DDR4,C,"15""",No,395.0
1706,2018.0,8,256,SSD,DDR4,A,"15""",No,605.0
1707,2021.0,16,120,SSD,DDR4,C,"12""",Yes,525.0
1708,2019.0,4,256,SSD,DDR4,C,"12""",No,275.0
1709,2019.0,8,256,SSD,DDR4,A,"15""",No,525.0
1710,2019.0,4,128,SSD,DDR4,,"15""",No,425.0
1711,2018.0,16,256,SSD,DDR4,C,"15""",No,765.0
1712,2015.0,16,512,HDD,DDR3,C,"14""",No,495.0
1713,2022.0,8,128,SSD,DDR4,B,"12""",No,335.0
1714,2021.0,16,512,HDD,DDR4,C,"15""",No,525.0
1715,2017.0,4,512,HDD,DDR4,C,"15""",No,385.0
1716,2021.0,8,256,SSD,DDR4,C,"15""",No,495.0
1717,2017.0,8,256,HDD,DDR4,C,"15""",No,475.0
1718,2023.0,6,256,SSD,DDR4,B,"15""",No,375.0
1719,2021.0,8,256,HDD,DDR4,A,"14""",Yes,445.0
1720,2019.0,8,512,SSD,DDR4,A,"12""",No,485.0
1721,2017.0,8,512,HDD,DDR4,C,"15""",No,415.0
1722,2014.0,16,256,HDD,DDR3,C,"15""",No,435.0
1723,2019.0,4,1024,SSD,DDR4,C,"16""",No,465.0
1724,2019.0,8,256,SSD,DDR4,C,"12""",No,355.0
1725,2018.0,32,512,SSD,DDR4,C,"12""",No,1055.0
1726,2022.0,16,512,SSD,DDR4,A,"15""",No,655.0
1727,2017.0,8,256,SSD,DDR4,C,"14""",No,455.0
1728,2024.0,4,256,SSD,DDR4,A,"12""",No,315.0
1729,2023.0,16,1024,SSD,DDR4,A,"12""",No,785.0
1730,2019.0,8,128,SSD,DDR4,C,"15""",No,445.0
1731,2019.0,16,1024,SSD,DDR4,A,"15""",No,825.0
1732,2019.0,16,256,HDD,DDR4,A,"14""",No,655.0
1733,2017.0,6,128,HDD,DDR4,C,"14""",No,405.0
1734,2019.0,4,512,SSD,DDR4,C,"14""",No,355.0
1735,2019.0,8,128,HDD,DDR4,,"14""",No,465.0
1736,2021.0,12,128,SSD,DDR4,C,"16""",No,645.0
1737,2020.0,6,512,SSD,DDR4,C,"16""",No,395.0
1738,2021.0,8,512,SSD,DDR4,C,"14""",No,425.0
1739,2018.0,8,128,SSD,DDR4,C,"15""",No,425.0
1740,2020.0,8,256,SSD,DDR4,C,"14""",No,415.0
1741,2019.0,16,256,SSD,DDR4,C,"16""",No,675.0
1742,2022.0,16,2000,SSD,DDR4,C,"14""",No,705.0
1743,2020.0,8,512,SSD,DDR4,C,"12""",No,425.0
1744,2019.0,12,256,HDD,DDR4,A,"14""",No,525.0
1745,2018.0,16,1024,SSD,DDR4,B,"12""",No,545.0
1746,2017.0,8,128,SSD,DDR4,C,"12""",No,335.0
1747,2019.0,8,512,SSD,DDR4,C,"16""",No,525.0
1748,2016.0,4,256,SSD,DDR4,C,"15""",No,315.0
1749,2016.0,8,256,HDD,DDR4,C,"15""",No,405.0
1750,2019.0,4,256,SSD,DDR4,C,"14""",No,275.0
1751,2018.0,32,512,SSD,DDR4,C,"15""",No,1065.0
1752,2019.0,16,256,SSD,DDR4,A,"16""",No,705.0
1753,2017.0,16,256,SSD,DDR4,C,"12""",No,535.0
1754,2020.0,32,128,SSD,DDR4,C,"15""",No,1105.0
1755,2018.0,4,256,HDD,DDR4,C,"14""",No,325.0
1756,2018.0,8,256,HDD,DDR4,C,"14""",No,435.0
1757,2018.0,32,1024,SSD,DDR4,C,"14""",No,1025.0
1758,2019.0,32,512,SSD,DDR4,A,"14""",No,1325.0
1759,2018.0,16,256,SSD,DDR4,C,"15""",No,675.0
1760,2018.0,4,256,SSD,DDR4,A,"15""",No,445.0
1761,2013.0,4,512,SSD,DDR3,C,"14""",No,315.0
1762,2018.0,16,128,SSD,DDR4,A,"15""",No,845.0
1763,2018.0,12,512,SSD,DDR4,B,"14""",No,515.0
1764,2016.0,12,128,HDD,DDR4,C,"14""",No,425.0
1765,2020.0,16,256,SSD,DDR4,A,"12""",No,635.0
1766,2019.0,8,1024,SSD,DDR4,C,"15""",No,485.0
1767,2021.0,32,512,SSD,DDR4,A,"15""",No,1245.0
1768,2019.0,8,512,SSD,DDR4,C,"12""",No,445.0
1769,2021.0,8,128,SSD,DDR4,C,"14""",No,365.0
1770,2020.0,4,256,SSD,DDR4,A,"15""",No,415.0
1771,2015.0,8,512,HDD,DDR3,C,"15""",No,375.0
1772,2019.0,8,1024,SSD,DDR4,B,"12""",No,405.0
1773,2019.0,16,1024,SSD,DDR4,C,"15""",No,715.0
1774,2019.0,16,512,SSD,DDR4,A,"14""",No,715.0
1775,2019.0,8,256,HDD,DDR4,C,"15""",No,425.0
1776,2015.0,4,120,SSD,DDR3,C,"14""",No,305.0
1777,2018.0,12,512,HDD,DDR4,C,"14""",No,495.0
1778,2021.0,12,512,SSD,DDR4,C,"14""",No,535.0
1779,2021.0,4,256,HDD,DDR4,A,"12""",No,275.0
1780,2014.0,32,256,HDD,DDR3,C,"15""",No,745.0
1781,2017.0,32,128,SSD,DDR4,C,"15""",No,845.0
1782,2014.0,8,256,HDD,DDR3,C,"12""",No,295.0
1783,2019.0,16,120,HDD,DDR4,C,"15""",No,665.0
1784,2022.0,32,512,SSD,DDR4,A,"15""",No,1175.0
1785,2019.0,8,512,SSD,DDR4,C,"16""",No,455.0
1786,2020.0,4,512,HDD,DDR4,B,"12""",No,245.0
1787,2021.0,16,256,SSD,DDR4,A,"12""",No,705.0
1788,2018.0,16,512,SSD,DDR4,C,"12""",No,615.0
1789,2019.0,32,1024,SSD,DDR4,C,"14""",No,1135.0
1790,2021.0,32,2000,HDD,DDR4,C,"16""",No,1065.0
1791,2017.0,16,512,SSD,DDR4,C,"15""",No,645.0
1792,2020.0,12,512,HDD,DDR4,C,"12""",No,465.0
1793,2020.0,4,256,SSD,DDR4,A,"12""",No,325.0
1794,2016.0,8,512,HDD,DDR4,C,"15""",No,395.0
1795,2017.0,8,128,HDD,DDR4,C,"14""",No,435.0
1796,2021.0,16,512,SSD,DDR4,B,"15""",No,585.0
1797,2021.0,8,256,SSD,DDR4,C,"14""",Yes,445.0
1798,2015.0,4,2000,SSD,DDR3,C,"15""",No,425.0
1799,2020.0,32,128,SSD,DDR4,C,"14""",No,855.0
1800,2017.0,8,256,HDD,DDR4,A,"15""",No,505.0
1801,2022.0,4,128,HDD,DDR4,A,"14""",No,385.0
1802,2021.0,4,512,SSD,DDR4,B,"14""",No,385.0
1803,2020.0,8,256,SSD,DDR4,C,"16""",No,475.0
1804,2022.0,8,1024,HDD,DDR4,C,"14""",No,485.0
1805,2018.0,32,512,SSD,DDR4,C,"14""",No,1045.0
1806,2017.0,16,2000,SSD,DDR4,B,"14""",No,645.0
1807,2019.0,4,128,SSD,DDR4,C,"12""",No,245.0
1808,2013.0,16,512,HDD,DDR3,C,"15""",No,455.0
1809,2015.0,8,128,SSD,DDR3,C,"14""",No,295.0
1810,2021.0,6,128,SSD,DDR4,A,"15""",No,485.0
1811,2019.0,12,1024,SSD,DDR4,C,"16""",No,575.0
1812,2019.0,32,512,SSD,DDR4,B,"12""",No,1145.0
1813,2018.0,8,128,SSD,DDR4,C,"14""",No,415.0
1814,2021.0,8,512,SSD,DDR4,B,"12""",Yes,475.0
1815,2014.0,32,1024,SSD,DDR3,C,"15""",No,775.0
1816,2019.0,32,256,SSD,DDR4,B,"14""",No,1185.0
1817,2020.0,16,256,SSD,DDR4,A,"15""",No,675.0
1818,2018.0,8,2000,SSD,DDR4,C,"15""",No,505.0
1819,2020.0,8,512,SSD,DDR4,,"14""",No,375.0
1820,2018.0,16,512,HDD,DDR4,A,"15""",No,715.0
1821,2021.0,6,256,SSD,DDR4,A,"15""",No,375.0
1822,2019.0,8,2000,SSD,DDR4,C,"15""",No,515.0
1823,2020.0,32,128,HDD,DDR4,A,"15""",No,1065.0
1824,2014.0,8,512,SSD,DDR3,C,"15""",No,425.0
1825,2019.0,16,128,SSD,DDR4,A,"14""",No,635.0
1826,2015.0,4,256,HDD,DDR3,C,"15""",No,325.0
1827,2016.0,8,1024,SSD,DDR4,C,"15""",No,535.0
1828,2020.0,32,1024,SSD,DDR4,C,"14""",No,1045.0
1829,2018.0,8,512,HDD,DDR4,C,"15""",No,475.0
1830,2021.0,4,256,SSD,DDR4,B,"16""",No,365.0
1831,2019.0,4,256,SSD,DDR4,C,"15""",No,335.0
1832,2020.0,4,128,SSD,DDR4,C,"12""",No,245.0
1833,2017.0,16,256,SSD,DDR4,C,"15""",No,545.0
1834,2022.0,8,512,SSD,DDR4,B,"12""",No,425.0
1835,2022.0,32,512,HDD,DDR4,C,"12""",No,845.0
1836,2017.0,16,256,SSD,DDR4,A,"15""",No,865.0
1837,2019.0,8,256,HDD,DDR4,C,"15""",No,475.0
1838,2020.0,16,512,SSD,DDR4,A,"14""",No,785.0
1839,2022.0,8,512,SSD,DDR4,A,"14""",Yes,505.0
1840,2018.0,16,512,SSD,DDR4,C,"15""",No,625.0
1841,2018.0,12,512,SSD,DDR4,B,"12""",No,525.0
1842,2018.0,16,120,SSD,DDR4,B,"15""",No,665.0
1843,2016.0,4,128,SSD,DDR4,C,"15""",No,345.0
1844,2023.0,32,256,SSD,DDR4,A,"12""",No,1215.0
1845,2020.0,32,256,HDD,DDR4,A,"15""",No,1155.0
1846,2021.0,16,256,SSD,DDR4,C,"15""",No,565.0
1847,2020.0,8,1024,SSD,DDR4,B,"14""",Yes,495.0
1848,2021.0,8,512,SSD,DDR4,C,"15""",No,485.0
1849,2020.0,4,512,SSD,DDR4,C,"14""",No,375.0
1850,2020.0,8,256,HDD,DDR4,A,"15""",No,415.0
1851,2016.0,32,512,HDD,DDR4,B,"15""",No,1085.0
1852,2019.0,8,256,SSD,DDR4,C,"15""",No,475.0
1853,2020.0,4,128,SSD,DDR4,C,"12""",No,275.0
1854,2020.0,4,512,HDD,DDR4,C,"12""",No,265.0
1855,2019.0,32,2000,SSD,DDR4,C,"15""",No,1005.0
1856,2016.0,16,128,SSD,DDR4,C,"14""",No,595.0
1857,2019.0,16,512,SSD,DDR4,A,"12""",No,635.0
1858,2019.0,4,120,SSD,DDR4,C,"16""",No,355.0
1859,2019.0,16,256,SSD,DDR4,A,"15""",No,625.0
1860,2020.0,16,1024,SSD,DDR4,C,"15""",No,625.0
1861,2016.0,16,1024,HDD,DDR4,B,"15""",No,675.0
1862,2019.0,16,256,SSD,DDR4,C,"14""",No,585.0
1863,2019.0,8,256,SSD,DDR4,C,"15""",No,495.0
1864,2021.0,8,512,SSD,DDR4,C,"12""",No,425.0
1865,2019.0,16,1024,SSD,DDR4,A,"15""",No,695.0
1866,2018.0,6,128,SSD,DDR4,A,"12""",No,305.0
1867,2019.0,16,128,SSD,DDR4,C,"15""",No,565.0
1868,2019.0,16,256,SSD,DDR4,C,"12""",No,575.0
1869,2020.0,16,512,SSD,DDR4,C,"12""",No,615.0
1870,2019.0,16,256,SSD,DDR4,,"12""",No,535.0
1871,2018.0,6,120,HDD,DDR4,C,"14""",No,395.0
1872,2019.0,8,512,SSD,DDR4,C,"12""",No,395.0
1873,2020.0,8,256,SSD,DDR4,C,"14""",No,425.0
1874,2020.0,4,512,SSD,DDR4,A,"12""",No,405.0
1875,2019.0,4,512,SSD,DDR4,C,"16""",No,395.0
1876,2017.0,16,256,HDD,DDR4,C,"14""",No,615.0
1877,2020.0,4,512,SSD,DDR4,C,"14""",No,365.0
1878,2018.0,16,512,SSD,DDR4,A,"15""",No,855.0
1879,2022.0,8,512,SSD,DDR4,C,"15""",No,455.0
1880,2020.0,16,1024,SSD,DDR4,,"15""",No,775.0
1881,2022.0,8,512,SSD,DDR4,B,"12""",No,455.0
1882,2021.0,6,1024,HDD,DDR4,A,"15""",No,515.0
1883,2025.0,8,256,SSD,DDR4,A,"15""",No,505.0
1884,2016.0,4,2000,SSD,DDR4,C,"15""",No,445.0
1885,2025.0,8,128,SSD,DDR4,A,"14""",No,395.0
1886,2017.0,8,256,SSD,DDR4,C,"14""",No,445.0
1887,2014.0,32,512,HDD,DDR3,A,"15""",No,745.0
1888,2016.0,4,256,HDD,DDR4,C,"14""",No,375.0
1889,2019.0,8,512,SSD,DDR4,A,"12""",No,395.0
1890,2018.0,8,256,SSD,DDR4,A,"12""",No,485.0
1891,2019.0,8,256,SSD,DDR4,C,"15""",No,365.0
1892,2020.0,8,256,SSD,DDR4,B,"15""",No,435.0
1893,2018.0,6,128,SSD,DDR4,A,"12""",No,315.0
1894,2018.0,16,256,SSD,DDR4,C,"12""",No,565.0
1895,2021.0,16,512,HDD,DDR4,B,"12""",No,725.0
1896,2019.0,8,512,SSD,DDR4,C,"14""",No,475.0
1897,2019.0,16,256,HDD,DDR4,A,"15""",No,695.0
1898,2019.0,8,128,SSD,DDR4,B,"14""",No,435.0
1899,2021.0,8,512,SSD,DDR4,C,"12""",No,415.0
1900,2017.0,16,1024,HDD,DDR4,,"14""",No,585.0
1901,2020.0,4,256,SSD,DDR4,C,"15""",No,405.0
1902,2018.0,8,1024,SSD,DDR4,C,"14""",No,485.0
1903,2020.0,16,120,SSD,DDR4,C,"15""",No,635.0
1904,2016.0,8,256,SSD,DDR4,A,"12""",No,445.0
1905,2011.0,16,128,HDD,DDR3,C,"15""",No,465.0
1906,2014.0,8,128,HDD,DDR3,C,"15""",No,335.0
1907,2016.0,4,256,HDD,DDR4,C,"14""",No,385.0
1908,2017.0,8,256,SSD,DDR4,C,"12""",No,405.0
1909,2019.0,8,256,SSD,DDR4,,"15""",No,385.0
1910,2022.0,4,256,SSD,DDR4,A,"16""",No,465.0
1911,2020.0,16,128,SSD,DDR4,C,"15""",No,595.0
1912,2022.0,32,512,SSD,DDR4,A,"14""",No,1205.0
1913,2015.0,8,256,HDD,DDR3,C,"14""",No,335.0
1914,2018.0,32,1024,SSD,DDR4,C,"12""",No,955.0
1915,2018.0,16,256,SSD,DDR4,B,"14""",No,625.0
1916,2017.0,32,2000,HDD,DDR4,C,"14""",No,895.0
1917,2018.0,8,256,SSD,DDR4,A,"14""",No,465.0
1918,2019.0,32,256,HDD,DDR4,C,"12""",No,775.0
1919,2020.0,8,512,SSD,DDR4,C,"15""",No,495.0
1920,2018.0,32,512,SSD,DDR4,C,"14""",No,1055.0
1921,2018.0,8,2000,SSD,DDR4,C,"12""",No,405.0
1922,2016.0,8,512,HDD,DDR4,C,"14""",No,475.0
1923,2019.0,8,128,SSD,DDR4,C,"12""",No,325.0
1924,2020.0,32,120,SSD,DDR4,C,"12""",No,1065.0
1925,2019.0,8,256,HDD,DDR4,C,"14""",No,455.0
1926,2017.0,4,512,HDD,DDR4,C,"14""",No,355.0
1927,2019.0,4,256,SSD,DDR4,C,"12""",No,305.0
1928,2021.0,8,128,SSD,DDR4,C,"15""",No,365.0
1929,2019.0,6,120,HDD,DDR4,C,"14""",No,365.0
1930,2014.0,8,2000,SSD,DDR3,C,"12""",No,445.0
1931,2022.0,16,256,SSD,DDR4,B,"16""",Yes,765.0
1932,2021.0,16,256,SSD,DDR4,C,"15""",No,625.0
1933,2019.0,16,512,SSD,DDR4,A,"14""",No,775.0
1934,2021.0,8,256,SSD,DDR4,C,"15""",No,495.0
1935,2020.0,8,512,SSD,DDR4,C,"16""",Yes,485.0
1936,2022.0,4,512,SSD,DDR4,C,"14""",No,395.0
1937,2017.0,8,256,HDD,DDR4,C,"14""",No,425.0
1938,2018.0,8,512,SSD,DDR4,C,"15""",No,425.0
1939,2021.0,16,512,SSD,DDR4,C,"15""",No,615.0
1940,2017.0,4,256,HDD,DDR4,C,"14""",No,325.0
1941,2020.0,8,256,SSD,DDR4,B,"14""",No,495.0
1942,2020.0,16,512,SSD,DDR4,C,"15""",No,625.0
1943,2021.0,16,256,HDD,DDR4,C,"16""",No,715.0
1944,2019.0,16,512,HDD,DDR4,C,"14""",No,735.0
1945,2021.0,4,256,SSD,DDR4,A,"15""",No,395.0
1946,2022.0,16,256,SSD,DDR4,A,"14""",No,775.0
1947,2023.0,16,1024,SSD,DDR4,A,"15""",Yes,875.0
1948,2021.0,12,2000,SSD,DDR4,B,"15""",No,675.0
1949,2019.0,8,128,HDD,DDR4,A,"15""",No,485.0
1950,2019.0,8,256,HDD,DDR4,A,"12""",No,385.0
1951,2017.0,4,256,SSD,DDR4,C,"15""",No,395.0
1952,2017.0,8,256,SSD,DDR4,C,"14""",No,395.0
1953,2016.0,16,2000,SSD,DDR4,C,"12""",No,575.0
1954,2020.0,32,120,HDD,DDR4,A,"15""",Yes,1075.0
1955,2017.0,32,1024,SSD,DDR4,C,"15""",No,1075.0
1956,2017.0,8,128,SSD,DDR4,C,"15""",No,425.0
1957,2017.0,32,512,SSD,DDR4,A,"12""",No,1165.0
1958,2018.0,16,1024,SSD,DDR4,C,"15""",No,705.0
1959,2015.0,8,256,HDD,DDR3,C,"15""",No,405.0
1960,2020.0,8,512,SSD,DDR4,C,"15""",No,415.0
1961,2021.0,32,1024,HDD,DDR4,A,"12""",No,1125.0
1962,2018.0,16,512,SSD,DDR4,C,"12""",No,585.0
1963,2020.0,8,512,SSD,DDR4,C,"14""",No,475.0
1964,2021.0,4,512,SSD,DDR4,C,"15""",No,405.0
1965,2021.0,32,128,SSD,DDR4,C,"15""",No,995.0
1966,2017.0,8,256,HDD,DDR4,C,"15""",No,485.0
1967,2018.0,12,128,SSD,DDR4,C,"15""",No,535.0
1968,2021.0,8,120,SSD,DDR4,C,"14""",No,465.0
1969,2016.0,32,512,SSD,DDR4,A,"15""",No,1295.0
1970,2018.0,16,120,HDD,DDR4,C,"15""",No,615.0
1971,2020.0,4,120,SSD,DDR4,B,"12""",No,315.0
1972,2016.0,8,256,HDD,DDR4,C,"12""",No,385.0
1973,2021.0,8,256,SSD,DDR4,A,"14""",Yes,555.0
1974,2019.0,4,128,SSD,DDR4,C,"14""",No,315.0
1975,2019.0,8,256,SSD,DDR4,C,"14""",No,415.0
1976,2019.0,8,120,SSD,DDR4,C,"14""",No,485.0
1977,2021.0,8,512,SSD,DDR4,A,"12""",No,455.0
1978,2018.0,8,256,SSD,DDR4,C,"12""",No,295.0
1979,2019.0,8,256,SSD,DDR4,B,"14""",No,495.0
1980,2019.0,8,256,SSD,DDR4,B,"16""",No,425.0
1981,2018.0,16,512,SSD,DDR4,A,"14""",No,675.0
1982,2018.0,8,256,HDD,DDR4,A,"14""",No,515.0
1983,2022.0,32,256,SSD,DDR4,A,"12""",Yes,965.0
1984,2022.0,16,120,SSD,DDR4,B,"15""",Yes,675.0
1985,2017.0,16,256,SSD,DDR4,C,"14""",No,695.0
1986,2017.0,4,1024,HDD,DDR4,C,"15""",No,385.0
1987,2019.0,8,512,SSD,DDR4,C,"15""",No,415.0
1988,2018.0,8,512,SSD,DDR4,B,"12""",No,385.0
1989,2018.0,4,1024,SSD,DDR4,C,"12""",No,315.0
1990,2017.0,8,128,HDD,DDR4,C,"14""",No,395.0
1991,2018.0,8,256,SSD,DDR4,C,"15""",No,445.0
1992,2018.0,8,512,SSD,DDR4,C,"14""",No,435.0
1993,2018.0,6,512,SSD,DDR4,C,"15""",No,435.0
1994,,4,256,HDD,DDR4,C,"15""",No,325.0
1995,2020.0,8,256,HDD,DDR4,C,"15""",No,425.0
1996,2018.0,8,512,HDD,DDR4,C,"15""",No,475.0
1997,2022.0,8,512,SSD,DDR4,C,"15""",No,455.0
1998,2015.0,8,512,HDD,DDR3,C,"15""",No,355.0
1999,2015.0,8,256,HDD,DDR3,C,"15""",No,345.0
2000,2022.0,8,128,HDD,DDR4,C,"14""",No,425.0
2001,2018.0,16,256,SSD,DDR4,C,"15""",No,665.0
2002,2020.0,8,256,SSD,DDR4,B,"14""",No,475.0
2003,2017.0,4,256,HDD,DDR4,B,"12""",No,355.0
2004,2017.0,16,256,HDD,DDR4,C,"12""",No,485.0
2005,2020.0,8,256,SSD,DDR4,C,"12""",No,305.0
2006,2019.0,16,512,SSD,DDR4,A,"14""",No,785.0
2007,2016.0,4,512,HDD,DDR4,C,"14""",No,305.0
2008,2018.0,8,256,SSD,DDR4,C,"15""",No,465.0
2009,2018.0,32,120,SSD,DDR4,C,"14""",No,915.0
2010,2020.0,32,256,HDD,DDR4,C,"15""",No,885.0
2011,2021.0,16,120,SSD,DDR4,C,"15""",No,615.0
2012,2020.0,8,256,SSD,DDR4,A,"14""",No,595.0
2013,2020.0,16,512,SSD,DDR4,,"12""",No,605.0
2014,2019.0,16,120,HDD,DDR4,A,"15""",No,695.0
2015,2019.0,16,512,SSD,DDR4,C,"15""",No,765.0
2016,2017.0,8,1024,SSD,DDR4,C,"14""",No,555.0
2017,2020.0,16,512,SSD,DDR4,C,"12""",No,565.0
2018,2019.0,8,1024,HDD,DDR4,A,"12""",No,415.0
2019,,8,128,HDD,DDR4,C,"12""",No,405.0
2020,2018.0,16,1024,SSD,DDR4,C,"15""",No,735.0
2021,2017.0,16,256,SSD,DDR4,C,"15""",No,585.0
2022,2018.0,8,128,SSD,DDR4,C,"15""",No,435.0
2023,2017.0,8,128,SSD,DDR4,C,"15""",No,385.0
2024,2022.0,32,128,SSD,DDR4,C,"15""",No,1065.0
2025,2020.0,8,512,SSD,DDR4,A,"12""",Yes,445.0
2026,2013.0,8,512,HDD,DDR3,C,"14""",No,315.0
2027,2016.0,32,128,HDD,DDR4,C,"15""",No,825.0
2028,2020.0,16,2000,SSD,DDR4,B,"12""",No,595.0
2029,2015.0,8,128,SSD,DDR3,C,"15""",No,385.0
2030,2020.0,16,256,SSD,DDR4,C,"15""",Yes,555.0
2031,2019.0,32,512,SSD,DDR4,C,"14""",No,1035.0
2032,2021.0,8,128,SSD,DDR4,A,"14""",No,525.0
2033,2018.0,16,120,SSD,DDR4,C,"12""",No,575.0
2034,2021.0,16,128,SSD,DDR4,B,"16""",No,775.0
2035,2020.0,32,2000,HDD,DDR4,C,"15""",No,1115.0
2036,2022.0,12,256,SSD,DDR4,A,"12""",No,505.0
2037,2019.0,16,512,SSD,DDR4,C,"15""",No,655.0
2038,2018.0,12,256,SSD,DDR4,C,"15""",No,575.0
2039,2020.0,6,128,HDD,DDR4,C,"12""",No,265.0
2040,2019.0,4,128,SSD,DDR4,C,"16""",No,315.0
2041,2016.0,4,2000,HDD,DDR4,C,"14""",No,445.0
2042,2020.0,16,256,SSD,DDR4,C,"12""",No,555.0
2043,2019.0,16,128,SSD,DDR4,C,"15""",No,715.0
2044,2020.0,8,512,SSD,DDR4,A,"14""",No,615.0
2045,2020.0,16,256,HDD,DDR4,A,"14""",No,805.0
2046,2017.0,16,512,SSD,DDR4,C,"15""",No,695.0
2047,2018.0,16,128,SSD,DDR4,C,"15""",No,655.0
2048,2019.0,16,512,SSD,DDR4,B,"14""",No,605.0
2049,2017.0,8,128,SSD,DDR4,A,"12""",No,435.0
2050,2020.0,8,512,HDD,DDR4,A,"14""",No,505.0
2051,2020.0,16,2000,SSD,DDR4,C,"16""",No,835.0
2052,2018.0,6,256,SSD,DDR4,C,"12""",No,365.0
2053,2020.0,8,256,HDD,DDR4,C,"14""",Yes,425.0
2054,2022.0,12,256,SSD,DDR4,A,"14""",No,615.0
2055,2021.0,32,256,SSD,DDR4,B,"15""",No,1005.0
2056,2019.0,16,512,SSD,DDR4,A,"12""",No,605.0
2057,2017.0,16,1024,SSD,DDR4,C,"14""",No,735.0
2058,2018.0,32,512,HDD,DDR4,C,"14""",No,1135.0
2059,2021.0,8,120,SSD,DDR4,B,"14""",No,465.0
2060,2019.0,8,512,HDD,DDR4,C,"12""",No,345.0
2061,2017.0,8,128,SSD,DDR4,C,"15""",No,505.0
2062,2021.0,8,512,SSD,DDR4,A,"12""",No,475.0
2063,2020.0,16,256,HDD,DDR4,B,"14""",No,675.0
2064,2021.0,8,512,SSD,DDR4,A,"14""",No,575.0
2065,2020.0,4,256,SSD,DDR4,C,"12""",No,325.0
2066,2019.0,8,128,SSD,DDR4,C,"16""",No,445.0
2067,2020.0,4,256,SSD,DDR4,C,"12""",No,285.0
2068,2021.0,8,256,HDD,DDR4,C,"14""",No,405.0
2069,2018.0,4,128,SSD,DDR4,C,"12""",No,305.0
2070,2019.0,8,512,HDD,DDR4,,"16""",No,515.0
2071,2021.0,16,256,SSD,DDR4,A,"14""",Yes,775.0
2072,2016.0,16,256,HDD,DDR4,C,"14""",No,595.0
2073,2019.0,8,2000,HDD,DDR4,C,"14""",No,485.0
2074,2022.0,16,256,SSD,DDR4,C,"16""",No,555.0
2075,2018.0,4,256,SSD,DDR4,C,"15""",No,335.0
2076,2018.0,16,256,HDD,DDR4,C,"12""",No,665.0
2077,2020.0,8,512,HDD,DDR4,C,"14""",No,375.0
2078,2018.0,16,256,SSD,DDR4,C,"12""",No,605.0
2079,2020.0,4,128,HDD,DDR4,A,"14""",No,335.0
2080,2018.0,8,512,SSD,DDR4,C,"15""",No,425.0
2081,2016.0,16,256,SSD,DDR4,C,"14""",No,545.0
2082,2015.0,8,512,SSD,DDR3,C,"12""",No,275.0
2083,2021.0,8,512,SSD,DDR4,A,"16""",No,515.0
2084,2018.0,4,256,SSD,DDR4,C,"12""",No,285.0
2085,2021.0,4,256,SSD,DDR4,A,"15""",No,445.0
2086,2015.0,8,1024,SSD,DDR3,C,"15""",No,415.0
2087,2017.0,16,128,SSD,DDR4,C,"12""",No,475.0
2088,2019.0,16,128,SSD,DDR4,C,"15""",No,665.0
2089,2015.0,16,2000,SSD,DDR3,C,"14""",No,585.0
2090,2021.0,8,512,SSD,DDR4,A,"14""",No,595.0
2091,2017.0,16,512,SSD,DDR4,C,"15""",No,625.0
2092,2019.0,6,256,SSD,DDR4,C,"14""",No,395.0
2093,2022.0,32,128,SSD,DDR4,C,"15""",No,805.0
2094,2019.0,32,256,SSD,DDR4,B,"15""",No,925.0
2095,2019.0,8,256,SSD,DDR4,C,"16""",No,485.0
2096,2019.0,8,128,SSD,DDR4,C,"14""",No,495.0
2097,2019.0,4,512,SSD,DDR4,B,"14""",No,395.0
2098,2019.0,8,512,SSD,DDR4,A,"14""",No,565.0
2099,2020.0,12,512,SSD,DDR4,B,"15""",No,695.0
2100,2021.0,8,128,SSD,DDR4,C,"15""",No,455.0
2101,2019.0,32,128,SSD,DDR4,C,"12""",No,895.0
2102,2024.0,4,1024,SSD,DDR4,A,"15""",No,425.0
2103,2020.0,16,512,SSD,DDR4,B,"12""",No,635.0
2104,2015.0,8,1024,HDD,DDR3,C,"15""",No,365.0
2105,,16,128,SSD,DDR4,B,"14""",No,545.0
2106,2017.0,4,256,HDD,DDR4,C,"12""",No,265.0
2107,2021.0,8,256,SSD,DDR4,A,"12""",Yes,475.0
2108,2020.0,8,512,SSD,DDR4,C,"15""",Yes,435.0
2109,2023.0,4,128,SSD,DDR4,B,"14""",No,375.0
2110,2022.0,16,512,SSD,DDR4,B,"14""",Yes,805.0
2111,2018.0,6,512,HDD,DDR4,A,"14""",No,415.0
2112,2021.0,8,512,SSD,DDR4,A,"12""",No,515.0
2113,2021.0,8,256,SSD,DDR4,A,"12""",No,495.0
2114,2018.0,16,120,SSD,DDR4,C,"15""",No,525.0
2115,2021.0,32,512,SSD,DDR4,C,"12""",No,1125.0
2116,2021.0,16,120,SSD,DDR4,C,"16""",No,715.0
2117,2018.0,16,256,SSD,DDR4,C,"14""",No,575.0
2118,2016.0,32,512,SSD,DDR4,C,"12""",No,845.0
2119,2020.0,16,256,SSD,DDR4,B,"15""",Yes,765.0
2120,2018.0,8,256,SSD,DDR4,C,"14""",No,505.0
2121,2021.0,32,1024,SSD,DDR4,C,"14""",No,845.0
2122,2017.0,12,128,SSD,DDR4,C,"15""",No,535.0
2123,2021.0,16,128,SSD,DDR4,,"16""",No,645.0
2124,2020.0,16,512,SSD,DDR4,C,"14""",No,655.0
2125,2021.0,32,256,HDD,DDR4,A,"12""",No,975.0
2126,2016.0,4,128,SSD,DDR4,C,"14""",No,325.0
2127,2020.0,32,256,SSD,DDR4,C,"14""",No,1135.0
2128,2019.0,16,128,SSD,DDR4,B,"14""",No,635.0
2129,2022.0,32,256,SSD,DDR4,C,"12""",No,1065.0
2130,2014.0,4,256,SSD,DDR3,C,"14""",No,315.0
2131,2017.0,4,256,HDD,DDR4,C,"15""",No,375.0
2132,2015.0,8,512,SSD,DDR3,C,"12""",No,275.0
2133,2020.0,4,1024,SSD,DDR4,C,"14""",No,325.0
2134,2020.0,32,120,SSD,DDR4,A,"15""",Yes,1405.0
2135,2019.0,32,256,HDD,DDR4,A,"14""",No,1235.0
2136,2019.0,4,512,SSD,DDR4,B,"14""",No,425.0
2137,2019.0,8,256,HDD,DDR4,A,"15""",No,515.0
2138,2020.0,8,128,SSD,DDR4,B,"16""",No,555.0
2139,2021.0,16,256,HDD,DDR4,B,"16""",No,625.0
2140,2021.0,8,128,SSD,DDR4,B,"12""",No,425.0
2141,2019.0,8,512,HDD,DDR4,A,"14""",No,445.0
2142,2019.0,8,1024,SSD,DDR4,C,"12""",No,435.0
2143,2018.0,16,1024,SSD,DDR4,C,"15""",No,675.0
2144,2018.0,8,256,SSD,DDR4,C,"14""",No,455.0
2145,2019.0,32,512,SSD,DDR4,C,"12""",No,815.0
2146,2017.0,8,512,SSD,DDR4,B,"12""",No,415.0
2147,2017.0,4,256,SSD,DDR4,C,"15""",No,325.0
2148,2020.0,16,1024,SSD,DDR4,A,"12""",Yes,745.0
2149,2022.0,16,512,HDD,DDR4,A,"15""",No,745.0
2150,2018.0,8,512,HDD,DDR4,A,"14""",No,445.0
2151,2021.0,32,128,SSD,DDR4,A,"15""",No,1345.0
2152,2020.0,16,512,SSD,DDR4,A,"15""",No,755.0
2153,2017.0,16,512,HDD,DDR4,C,"15""",No,585.0
2154,2021.0,32,256,SSD,DDR4,A,"15""",No,1435.0
2155,2019.0,8,256,SSD,DDR4,A,"14""",No,475.0
2156,2021.0,4,128,SSD,DDR4,A,"15""",No,465.0
2157,2021.0,32,512,SSD,DDR4,A,"16""",No,1345.0
2158,2018.0,8,256,SSD,DDR4,C,"12""",No,335.0
2159,2020.0,8,1024,SSD,DDR4,B,"15""",No,535.0
2160,2019.0,4,256,HDD,DDR4,B,"15""",No,335.0
2161,2018.0,8,256,SSD,DDR4,C,"12""",No,415.0
2162,2018.0,8,256,SSD,DDR4,C,"12""",No,395.0
2163,2019.0,8,512,SSD,DDR4,A,"15""",No,505.0
2164,2019.0,32,512,SSD,DDR4,C,"12""",No,1185.0
2165,2020.0,8,128,SSD,DDR4,A,"15""",No,475.0
2166,2019.0,8,1024,SSD,DDR4,A,"15""",No,545.0
2167,2019.0,16,120,SSD,DDR4,C,"12""",No,515.0
2168,2021.0,8,512,SSD,DDR4,B,"15""",Yes,635.0
2169,2019.0,8,512,SSD,DDR4,A,"14""",No,585.0
2170,2019.0,16,512,SSD,DDR4,B,"12""",No,575.0
2171,2016.0,8,1024,SSD,DDR4,C,"15""",No,535.0
2172,2021.0,8,2000,SSD,DDR4,A,"15""",No,655.0
2173,2018.0,8,256,SSD,DDR4,C,"15""",No,485.0
2174,2021.0,16,512,SSD,DDR4,C,"12""",No,665.0
2175,2018.0,8,512,SSD,DDR4,C,"15""",No,475.0
2176,2017.0,8,512,HDD,DDR4,C,"14""",No,455.0
2177,2017.0,8,256,HDD,DDR4,A,"12""",No,425.0
2178,2023.0,16,512,SSD,DDR4,C,"15""",No,775.0
2179,2015.0,16,128,HDD,DDR3,C,"15""",No,485.0
2180,2019.0,8,128,SSD,DDR4,C,"12""",No,325.0
2181,2021.0,8,128,HDD,DDR4,C,"15""",No,475.0
2182,2017.0,4,256,HDD,DDR4,C,"14""",No,385.0
2183,2019.0,8,256,SSD,DDR4,C,"15""",No,435.0
2184,2021.0,32,512,HDD,DDR4,A,"14""",Yes,1035.0
2185,2019.0,8,1024,SSD,DDR4,A,"15""",No,595.0
2186,2017.0,32,1024,SSD,DDR4,C,"14""",No,1085.0
2187,2018.0,4,256,SSD,DDR4,A,"15""",No,365.0
2188,2020.0,12,512,SSD,DDR4,C,"15""",Yes,545.0
2189,2014.0,32,1024,HDD,DDR3,C,"14""",No,685.0
2190,2015.0,32,256,SSD,DDR3,C,"15""",No,635.0
2191,2018.0,8,512,SSD,DDR4,C,"15""",No,455.0
2192,2018.0,8,1024,SSD,DDR4,C,"15""",No,545.0
2193,2015.0,4,512,HDD,DDR3,C,"12""",No,245.0
2194,2019.0,16,512,HDD,DDR4,C,"12""",No,605.0
2195,2019.0,8,256,SSD,DDR4,C,"14""",No,485.0
2196,2018.0,8,256,SSD,DDR4,A,"12""",No,435.0
2197,2021.0,16,512,SSD,DDR4,A,"14""",No,685.0
2198,2017.0,8,256,HDD,DDR4,C,"15""",No,515.0
2199,2019.0,16,256,HDD,DDR4,C,"14""",No,675.0
2200,2020.0,16,256,HDD,DDR4,C,"15""",Yes,745.0
2201,2019.0,8,512,SSD,DDR4,C,"15""",No,515.0
2202,2018.0,16,512,SSD,DDR4,C,"12""",No,705.0
2203,2020.0,16,512,HDD,DDR4,A,"15""",No,695.0
2204,2015.0,8,2000,HDD,DDR3,,"14""",No,425.0
2205,2024.0,8,128,SSD,DDR4,B,"14""",No,465.0
2206,2020.0,8,512,SSD,DDR4,C,"12""",No,325.0
2207,2020.0,6,256,SSD,DDR4,B,"14""",No,445.0
2208,2019.0,4,1024,SSD,DDR4,C,"15""",No,385.0
2209,2020.0,8,128,SSD,DDR4,C,"15""",No,445.0
2210,2018.0,16,2000,HDD,DDR4,C,"12""",No,635.0
2211,2019.0,4,256,SSD,DDR4,C,"15""",No,355.0
2212,2019.0,8,256,SSD,DDR4,C,"12""",No,335.0
2213,2023.0,12,256,HDD,DDR4,C,"15""",No,455.0
2214,2020.0,8,512,HDD,DDR4,C,"14""",No,375.0
2215,2023.0,16,2000,SSD,DDR4,B,"15""",Yes,895.0
2216,2021.0,4,256,SSD,DDR4,C,"15""",No,345.0
2217,2019.0,4,120,SSD,DDR4,C,"15""",No,345.0
2218,2019.0,4,128,HDD,DDR4,A,"12""",No,335.0
2219,2018.0,16,512,SSD,DDR4,C,"14""",No,755.0
2220,2018.0,32,512,SSD,DDR4,C,"15""",No,1175.0
2221,2021.0,8,128,SSD,DDR4,C,"15""",No,365.0
2222,2014.0,16,128,SSD,DDR3,C,"12""",No,325.0
2223,2021.0,4,128,HDD,DDR4,,"15""",No,455.0
2224,2015.0,32,256,SSD,DDR3,C,"14""",No,655.0
2225,2022.0,16,2000,SSD,DDR4,B,"12""",No,665.0
2226,2017.0,12,1024,SSD,DDR4,C,"12""",No,445.0
2227,2020.0,16,1024,SSD,DDR4,B,"15""",No,695.0
2228,2020.0,12,512,SSD,DDR4,C,"14""",No,515.0
2229,2019.0,16,256,SSD,DDR4,C,"16""",No,625.0
2230,2019.0,32,1024,SSD,DDR4,A,"15""",No,1375.0
2231,2018.0,8,256,HDD,DDR4,B,"12""",No,345.0
2232,2019.0,8,512,SSD,DDR4,C,"15""",No,495.0
2233,2018.0,8,512,SSD,DDR4,A,"15""",No,475.0
2234,2014.0,8,1024,HDD,DDR3,C,"14""",No,375.0
2235,2018.0,4,256,HDD,DDR4,C,"14""",No,355.0
2236,2022.0,16,512,SSD,DDR4,A,"12""",No,765.0
2237,2018.0,32,1024,HDD,DDR4,C,"15""",No,915.0
2238,2016.0,12,512,HDD,DDR4,C,"15""",No,555.0
2239,2016.0,8,120,HDD,DDR4,C,"15""",No,365.0
2240,2020.0,16,1024,HDD,DDR4,C,"16""",No,715.0
2241,2023.0,4,128,HDD,DDR4,B,"12""",No,275.0
2242,2019.0,8,256,HDD,DDR4,C,"14""",No,495.0
2243,2019.0,12,120,SSD,DDR4,C,"15""",No,555.0
2244,2020.0,8,256,SSD,DDR4,C,"16""",No,455.0
2245,2017.0,8,256,HDD,DDR4,C,"14""",No,435.0
2246,2020.0,8,256,SSD,DDR4,C,"16""",No,485.0
2247,2020.0,8,256,SSD,DDR4,B,"15""",No,445.0
2248,2017.0,16,512,SSD,DDR4,C,"15""",No,675.0
2249,2014.0,32,128,SSD,DDR3,C,"12""",No,645.0
2250,2019.0,32,128,HDD,DDR4,,"14""",No,1225.0
2251,2016.0,8,256,SSD,DDR4,C,"15""",No,405.0
2252,2018.0,8,256,SSD,DDR4,C,"14""",No,375.0
2253,2019.0,16,1024,HDD,DDR4,,"14""",No,705.0
2254,2022.0,4,512,SSD,DDR4,C,"15""",No,395.0
2255,2020.0,8,512,HDD,DDR4,C,"14""",No,495.0
2256,2022.0,8,256,SSD,DDR4,B,"15""",No,465.0
2257,2020.0,6,256,SSD,DDR4,B,"15""",No,475.0
2258,2019.0,4,256,HDD,DDR4,A,"15""",No,405.0
2259,2020.0,16,512,SSD,DDR4,B,"12""",No,695.0
2260,2019.0,4,256,SSD,DDR4,C,"12""",No,325.0
2261,2020.0,8,128,HDD,DDR4,A,"14""",No,455.0
2262,2021.0,16,256,HDD,DDR4,C,"15""",No,675.0
2263,2017.0,8,256,HDD,DDR4,A,"14""",No,545.0
2264,2019.0,16,512,SSD,DDR4,C,"12""",No,535.0
2265,2015.0,8,256,HDD,DDR3,C,"14""",No,315.0
2266,2020.0,4,256,SSD,DDR4,A,"12""",No,365.0
2267,2022.0,16,256,HDD,DDR4,A,"15""",No,815.0
2268,2015.0,8,1024,SSD,DDR3,C,"12""",No,335.0
2269,2021.0,16,512,SSD,DDR4,C,"12""",No,635.0
2270,2021.0,12,128,HDD,DDR4,C,"14""",No,485.0
2271,2014.0,12,1024,SSD,DDR3,C,"12""",No,475.0
2272,2019.0,4,128,SSD,DDR4,C,"15""",No,285.0
2273,2021.0,16,256,HDD,DDR4,B,"16""",No,765.0
2274,2016.0,16,256,SSD,DDR4,C,"15""",No,665.0
2275,2020.0,16,512,SSD,DDR4,B,"15""",No,785.0
2276,2021.0,8,512,SSD,DDR4,B,"14""",No,475.0
2277,2020.0,16,128,SSD,DDR4,A,"15""",No,795.0
2278,2018.0,6,120,SSD,DDR4,C,"14""",No,345.0
2279,2019.0,32,128,SSD,DDR4,C,"14""",No,1035.0
2280,2019.0,8,256,HDD,DDR4,B,"15""",No,395.0
2281,2018.0,32,128,HDD,DDR4,C,"14""",No,1095.0
2282,2018.0,8,128,SSD,DDR4,C,"15""",No,415.0
2283,2018.0,32,256,SSD,DDR4,C,"15""",No,1235.0
2284,2017.0,16,512,HDD,DDR4,C,"14""",No,595.0
2285,2023.0,8,512,SSD,DDR4,A,"14""",No,555.0
2286,2019.0,4,256,SSD,DDR4,C,"14""",No,355.0
2287,,4,256,SSD,DDR3,C,"15""",No,275.0
2288,2022.0,16,512,HDD,DDR4,B,"12""",No,665.0
2289,2020.0,8,1024,SSD,DDR4,C,"15""",Yes,555.0
2290,2021.0,12,256,SSD,DDR4,A,"12""",Yes,625.0
2291,2021.0,8,128,HDD,DDR4,B,"15""",No,455.0
2292,2017.0,32,120,HDD,DDR4,C,"14""",No,895.0
2293,2017.0,16,512,HDD,DDR4,C,"15""",No,635.0
2294,2017.0,12,512,SSD,DDR4,C,"12""",No,465.0
2295,2021.0,16,128,SSD,DDR4,B,"12""",Yes,655.0
2296,2019.0,8,256,HDD,DDR4,C,"15""",No,365.0
2297,2020.0,8,256,HDD,DDR4,A,"14""",No,455.0
2298,2023.0,16,128,HDD,DDR4,A,"15""",No,635.0
2299,2018.0,8,2000,SSD,DDR4,C,"15""",No,555.0
2300,2018.0,16,120,SSD,DDR4,B,"14""",No,575.0
2301,2018.0,8,256,HDD,DDR4,A,"14""",No,455.0
2302,2020.0,32,128,SSD,DDR4,C,"16""",No,1015.0
2303,2019.0,8,512,HDD,DDR4,C,"12""",No,415.0
2304,2020.0,16,256,SSD,DDR4,C,"15""",No,725.0
2305,2021.0,8,512,SSD,DDR4,A,"16""",No,635.0
2306,2021.0,8,256,SSD,DDR4,A,"15""",No,425.0
2307,2021.0,16,120,SSD,DDR4,C,"16""",Yes,785.0
2308,2020.0,8,2000,SSD,DDR4,A,"16""",No,655.0
2309,2020.0,32,128,SSD,DDR4,,"14""",No,985.0
2310,2021.0,16,512,HDD,DDR4,A,"15""",No,795.0
2311,2019.0,8,256,SSD,DDR4,A,"14""",No,465.0
2312,2018.0,4,512,SSD,DDR4,A,"14""",No,425.0
2313,2021.0,8,512,SSD,DDR4,C,"14""",No,455.0
2314,2017.0,32,120,HDD,DDR4,C,"12""",No,695.0
2315,2019.0,8,2000,SSD,DDR4,C,"16""",No,525.0
2316,2017.0,8,1024,SSD,DDR4,C,"15""",No,465.0
2317,2022.0,16,1024,SSD,DDR4,A,"14""",No,795.0
2318,2020.0,4,512,SSD,DDR4,A,"14""",No,355.0
2319,2018.0,8,256,SSD,DDR4,C,"15""",No,445.0
2320,2018.0,4,128,SSD,DDR4,A,"15""",No,415.0
2321,2019.0,32,120,SSD,DDR4,C,"14""",No,955.0
2322,2020.0,8,1024,SSD,DDR4,A,"12""",No,525.0
2323,2021.0,6,256,SSD,DDR4,B,"12""",No,365.0
2324,2019.0,8,120,SSD,DDR4,C,"16""",No,455.0
2325,2021.0,16,2000,SSD,DDR4,A,"12""",No,775.0
2326,2017.0,8,256,HDD,DDR4,C,"15""",No,435.0
2327,2018.0,16,256,SSD,DDR4,C,"15""",No,715.0
2328,2018.0,6,120,SSD,DDR4,C,"14""",No,325.0
2329,2018.0,4,1024,SSD,DDR4,C,"14""",No,375.0
2330,2021.0,16,512,SSD,DDR4,C,"14""",Yes,635.0
2331,2019.0,16,1024,SSD,DDR4,B,"15""",No,625.0
2332,2018.0,6,1024,SSD,DDR4,C,"15""",No,465.0
2333,2016.0,8,256,HDD,DDR4,C,"14""",No,405.0
2334,2021.0,8,256,SSD,DDR4,C,"12""",No,415.0
2335,2017.0,16,512,HDD,DDR4,C,"15""",No,595.0
2336,2020.0,32,128,SSD,DDR4,C,"14""",Yes,1125.0
2337,2019.0,8,512,SSD,DDR4,C,"16""",No,485.0
2338,2022.0,32,120,SSD,DDR4,C,"15""",No,945.0
2339,2022.0,16,128,SSD,DDR4,A,"12""",No,735.0
2340,2021.0,32,1024,SSD,DDR4,B,"14""",No,1125.0
2341,2015.0,16,256,SSD,DDR3,C,"12""",No,415.0
2342,2022.0,8,256,SSD,DDR4,A,"15""",No,525.0
2343,2018.0,8,512,HDD,DDR4,C,"15""",No,455.0
2344,2020.0,16,512,HDD,DDR4,A,"12""",No,615.0
2345,2024.0,16,256,HDD,DDR4,B,"14""",No,725.0
2346,2018.0,8,1024,SSD,DDR4,C,"15""",No,485.0
2347,2018.0,8,128,SSD,DDR4,C,"14""",No,405.0
2348,2019.0,32,256,HDD,DDR4,C,"16""",No,1135.0
2349,2021.0,8,256,SSD,DDR4,B,"14""",No,375.0
2350,,8,512,SSD,DDR4,C,"16""",No,495.0
2351,2018.0,8,512,HDD,DDR4,C,"14""",No,425.0
2352,2020.0,6,128,SSD,DDR4,C,"14""",No,355.0
2353,2020.0,8,2000,SSD,DDR4,B,"16""",No,545.0
2354,2017.0,4,512,HDD,DDR4,C,"12""",No,295.0
2355,2017.0,8,1024,SSD,DDR4,C,"14""",No,465.0
2356,2022.0,32,512,SSD,DDR4,A,"14""",No,1145.0
2357,2019.0,8,128,SSD,DDR4,C,"14""",No,435.0
2358,2016.0,16,256,SSD,DDR4,C,"14""",No,685.0
2359,2018.0,8,1024,HDD,DDR4,C,"14""",No,415.0
2360,2022.0,16,512,SSD,DDR4,C,"12""",No,615.0
2361,2018.0,8,512,SSD,DDR4,C,"14""",No,465.0
2362,2016.0,16,256,HDD,DDR4,C,"15""",No,685.0
2363,2020.0,32,512,SSD,DDR4,C,"15""",No,1055.0
2364,,8,128,HDD,DDR4,C,"14""",No,325.0
2365,2018.0,8,256,SSD,DDR4,C,"14""",No,405.0
2366,2017.0,8,512,HDD,DDR4,C,"14""",No,385.0
2367,2019.0,32,512,SSD,DDR4,B,"15""",No,1255.0
2368,2020.0,8,256,HDD,DDR4,C,"14""",No,425.0
2369,2018.0,16,256,SSD,DDR4,C,"15""",No,585.0
2370,2021.0,8,2000,SSD,DDR4,C,"12""",No,495.0
2371,2021.0,8,128,SSD,DDR4,C,"14""",No,385.0
2372,2018.0,8,512,SSD,DDR4,C,"15""",No,515.0
2373,2018.0,4,256,HDD,DDR4,C,"14""",No,375.0
2374,2019.0,4,512,SSD,DDR4,A,"12""",No,385.0
2375,2017.0,8,256,SSD,DDR4,C,"15""",No,435.0
2376,2021.0,32,512,HDD,DDR4,A,"16""",No,1225.0
2377,2021.0,16,256,SSD,DDR4,A,"15""",No,745.0
2378,2020.0,8,256,SSD,DDR4,C,"14""",No,435.0
2379,2018.0,12,256,SSD,DDR4,B,"15""",No,565.0
2380,2017.0,16,512,HDD,DDR4,B,"15""",No,745.0
2381,2017.0,8,256,HDD,DDR4,C,"14""",No,455.0
2382,2019.0,32,256,SSD,DDR4,C,"14""",No,945.0
2383,2020.0,4,1024,HDD,DDR4,C,"15""",No,405.0
2384,2021.0,16,512,HDD,DDR4,C,"15""",No,535.0
2385,2018.0,4,256,SSD,DDR4,C,"14""",No,305.0
2386,2018.0,8,256,HDD,DDR4,C,"14""",No,375.0
2387,2018.0,32,128,SSD,DDR4,C,"14""",No,745.0
2388,2021.0,16,128,SSD,DDR4,B,"14""",Yes,805.0
2389,2020.0,8,128,HDD,DDR4,C,"12""",No,305.0
2390,2019.0,4,120,SSD,DDR4,C,"12""",No,225.0
2391,2020.0,16,512,SSD,DDR4,C,"12""",No,625.0
2392,2019.0,32,512,SSD,DDR4,C,"16""",No,1185.0
2393,2021.0,4,2000,SSD,DDR4,C,"15""",No,435.0
2394,2015.0,32,512,SSD,DDR3,C,"15""",No,805.0
2395,2017.0,8,1024,SSD,DDR4,C,"14""",No,455.0
2396,2018.0,8,128,HDD,DDR4,C,"14""",No,405.0
2397,2018.0,8,256,SSD,DDR4,C,"15""",No,475.0
2398,2017.0,4,512,SSD,DDR4,C,"15""",No,425.0
2399,2020.0,8,512,HDD,DDR4,C,"15""",No,445.0
2400,2022.0,8,1024,HDD,DDR4,B,"15""",No,455.0
2401,2021.0,4,256,HDD,DDR4,A,"16""",No,485.0
2402,2019.0,4,120,SSD,DDR4,C,"12""",No,245.0
2403,2023.0,16,256,SSD,DDR4,B,"14""",No,575.0
2404,2019.0,8,2000,SSD,DDR4,C,"15""",No,505.0
2405,2022.0,8,256,SSD,DDR4,A,"12""",Yes,495.0
2406,2020.0,32,2000,HDD,DDR4,A,"15""",No,1265.0
2407,2022.0,16,1024,HDD,DDR4,A,"14""",No,685.0
2408,2022.0,8,128,SSD,DDR4,A,"12""",No,475.0
2409,2021.0,16,512,SSD,DDR4,A,"14""",No,645.0
2410,2019.0,6,120,SSD,DDR4,C,"14""",No,415.0
2411,2019.0,32,256,HDD,DDR4,B,"12""",No,1005.0
2412,2016.0,8,1024,HDD,DDR4,C,"12""",No,405.0
2413,2018.0,8,1024,SSD,DDR4,C,"12""",No,445.0
2414,2020.0,8,256,SSD,DDR4,C,"14""",No,415.0
2415,2018.0,8,512,SSD,DDR4,C,"15""",No,455.0
2416,2020.0,8,512,SSD,DDR4,A,"16""",No,665.0
2417,2022.0,8,128,SSD,DDR4,A,"16""",No,555.0
2418,2018.0,16,128,SSD,DDR4,C,"15""",No,625.0
2419,2020.0,32,256,HDD,DDR4,C,"15""",No,835.0
2420,2019.0,16,512,HDD,DDR4,C,"14""",No,565.0
2421,2019.0,6,512,HDD,DDR4,A,"14""",No,485.0
2422,2017.0,8,256,SSD,DDR4,C,"15""",No,435.0
2423,2021.0,12,256,SSD,DDR4,C,"14""",Yes,465.0
2424,2021.0,16,2000,SSD,DDR4,C,"14""",No,585.0
2425,2020.0,32,128,HDD,DDR4,C,"15""",No,895.0
2426,2020.0,32,256,SSD,DDR4,A,"14""",No,1185.0
2427,2021.0,4,256,SSD,DDR4,A,"16""",No,405.0
2428,2020.0,16,512,SSD,DDR4,C,"14""",Yes,705.0
2429,2022.0,8,256,SSD,DDR4,A,"16""",No,625.0
2430,2016.0,16,256,HDD,DDR4,C,"14""",No,545.0
2431,2020.0,8,256,HDD,DDR4,A,"14""",No,535.0
2432,2020.0,6,128,SSD,DDR4,B,"14""",No,395.0
2433,2020.0,16,256,HDD,DDR4,B,"15""",Yes,795.0
2434,2017.0,8,512,SSD,DDR4,C,"15""",No,475.0
2435,2019.0,16,256,SSD,DDR4,C,"15""",No,615.0
2436,2018.0,8,256,SSD,DDR4,A,"15""",No,565.0
2437,2018.0,8,1024,SSD,DDR4,B,"15""",No,575.0
2438,2021.0,8,256,SSD,DDR4,A,"15""",No,495.0
2439,2018.0,12,1024,SSD,DDR4,C,"12""",No,565.0
2440,2020.0,12,1024,SSD,DDR4,C,"14""",No,555.0
2441,2022.0,8,1024,HDD,DDR4,C,"12""",No,475.0
2442,2019.0,16,2000,SSD,DDR4,C,"15""",No,595.0
2443,2021.0,16,256,SSD,DDR4,C,"14""",Yes,675.0
2444,2019.0,32,512,SSD,DDR4,C,"14""",No,1055.0
2445,2023.0,8,512,HDD,DDR4,A,"14""",No,455.0
2446,2021.0,16,256,SSD,DDR4,C,"15""",No,715.0
2447,2018.0,12,1024,SSD,DDR4,C,"15""",No,585.0
2448,2018.0,16,1024,SSD,DDR4,C,"14""",No,545.0
2449,2019.0,8,1024,SSD,DDR4,C,"12""",No,445.0
2450,2021.0,8,512,SSD,DDR4,A,"16""",No,645.0
2451,2021.0,8,128,SSD,DDR4,C,"15""",No,495.0
2452,2019.0,8,256,SSD,DDR4,C,"15""",No,455.0
2453,2019.0,8,256,SSD,DDR4,C,"15""",No,455.0
2454,2021.0,4,512,SSD,DDR4,A,"12""",No,335.0
2455,2022.0,4,512,SSD,DDR4,C,"14""",No,325.0
2456,2018.0,16,1024,HDD,DDR4,C,"15""",No,625.0
2457,2020.0,16,256,SSD,DDR4,C,"14""",No,635.0
2458,2021.0,4,256,SSD,DDR4,B,"16""",No,425.0
2459,2019.0,4,256,SSD,DDR4,A,"15""",No,465.0
2460,2020.0,8,256,HDD,DDR4,C,"14""",No,465.0
2461,2020.0,4,512,SSD,DDR4,A,"12""",No,405.0
2462,2019.0,32,256,SSD,DDR4,C,"15""",No,1055.0
2463,2017.0,16,256,HDD,DDR4,C,"14""",No,555.0
2464,2022.0,16,256,SSD,DDR4,A,"12""",No,515.0
2465,2020.0,16,256,SSD,DDR4,C,"12""",No,535.0
2466,2017.0,8,512,SSD,DDR4,C,"15""",No,485.0
2467,2018.0,32,256,SSD,DDR4,A,"15""",No,1285.0
2468,2018.0,16,512,SSD,DDR4,C,"14""",No,645.0
2469,2018.0,16,256,SSD,DDR4,C,"15""",No,665.0
2470,2018.0,16,256,SSD,DDR4,C,"14""",No,505.0
2471,2019.0,6,256,SSD,DDR4,C,"12""",No,335.0
2472,2019.0,16,512,HDD,DDR4,C,"15""",No,605.0
2473,2022.0,4,2000,SSD,DDR4,A,"15""",No,485.0
2474,2021.0,8,120,SSD,DDR4,B,"15""",No,475.0
2475,2017.0,8,120,SSD,DDR4,C,"12""",No,325.0
2476,2019.0,4,256,HDD,DDR4,C,"16""",No,355.0
2477,2015.0,16,256,SSD,DDR3,C,"15""",No,435.0
2478,2021.0,6,1024,SSD,DDR4,A,"14""",No,455.0
2479,2020.0,32,512,HDD,DDR4,B,"15""",Yes,945.0
2480,2020.0,8,256,SSD,DDR4,B,"12""",No,435.0
2481,2019.0,4,2000,SSD,DDR4,A,"15""",No,505.0
2482,2019.0,16,256,SSD,DDR4,C,"14""",No,745.0
2483,2018.0,8,256,SSD,DDR4,A,"14""",No,575.0
2484,2019.0,16,1024,SSD,DDR4,B,"12""",No,575.0
2485,2018.0,32,128,SSD,DDR4,C,"12""",No,815.0
2486,2021.0,16,2000,SSD,DDR4,C,"12""",No,655.0
2487,2017.0,8,256,HDD,DDR4,C,"15""",No,405.0
2488,2019.0,8,1024,SSD,DDR4,A,"12""",No,455.0
2489,2016.0,16,256,SSD,DDR4,C,"14""",No,595.0
2490,2019.0,8,1024,SSD,DDR4,A,"15""",No,565.0
2491,2021.0,8,128,HDD,DDR4,C,"14""",Yes,485.0
2492,2019.0,6,2000,SSD,DDR4,A,"14""",No,505.0
2493,2022.0,4,2000,SSD,DDR4,A,"12""",No,355.0
2494,2019.0,16,1024,SSD,DDR4,C,"12""",No,545.0
2495,2021.0,32,128,SSD,DDR4,A,"15""",No,995.0
2496,2020.0,4,512,SSD,DDR4,C,"16""",No,385.0
2497,2018.0,4,2000,SSD,DDR4,A,"14""",No,405.0
2498,2020.0,8,256,SSD,DDR4,A,"12""",No,475.0
2499,2020.0,16,120,SSD,DDR4,C,"14""",No,635.0
2500,2017.0,8,256,HDD,DDR4,C,"15""",No,475.0
2501,2021.0,8,256,SSD,DDR4,A,"12""",No,405.0
2502,2019.0,8,256,SSD,DDR4,C,"15""",No,425.0
2503,2020.0,4,512,SSD,DDR4,A,"14""",No,355.0
2504,2021.0,4,512,SSD,DDR4,B,"16""",No,405.0
2505,2017.0,16,120,SSD,DDR4,C,"14""",No,605.0
2506,2017.0,16,256,SSD,DDR4,A,"12""",No,615.0
2507,2014.0,8,512,SSD,DDR3,C,"14""",No,355.0
2508,2016.0,8,256,SSD,DDR4,B,"14""",No,425.0
2509,2021.0,32,256,SSD,DDR4,B,"15""",No,875.0
2510,2018.0,4,120,SSD,DDR4,C,"14""",No,315.0
2511,2021.0,8,128,SSD,DDR4,C,"12""",Yes,485.0
2512,2016.0,16,128,SSD,DDR4,C,"14""",No,615.0
2513,2016.0,8,512,SSD,DDR4,C,"15""",No,395.0
2514,2015.0,8,512,SSD,DDR3,C,"15""",No,325.0
2515,2017.0,8,512,HDD,DDR4,C,"15""",No,465.0
2516,,16,512,SSD,DDR4,A,"15""",Yes,945.0
2517,2019.0,16,256,SSD,DDR4,C,"14""",No,505.0
2518,2020.0,8,512,SSD,DDR4,C,"15""",No,435.0
2519,2017.0,16,256,HDD,DDR4,A,"15""",No,665.0
2520,2020.0,4,512,SSD,DDR4,C,"14""",No,365.0
2521,2018.0,16,128,SSD,DDR4,C,"15""",No,555.0
2522,2020.0,32,256,SSD,DDR4,C,"15""",No,955.0
2523,2022.0,32,512,HDD,DDR4,A,"15""",No,945.0
2524,2016.0,8,128,SSD,DDR4,C,"15""",No,465.0
2525,2016.0,6,512,HDD,DDR4,C,"15""",No,465.0
2526,2023.0,4,256,SSD,DDR4,B,"16""",No,435.0
2527,2022.0,16,512,SSD,DDR4,A,"12""",No,795.0
2528,2020.0,16,128,SSD,DDR4,B,"15""",No,605.0
2529,2020.0,8,256,HDD,DDR4,,"15""",No,405.0
2530,2019.0,8,1024,SSD,DDR4,C,"14""",No,415.0
2531,2017.0,8,2000,HDD,DDR4,C,"15""",No,495.0
2532,2021.0,16,1024,SSD,DDR4,A,"15""",No,755.0
2533,2016.0,16,128,HDD,DDR4,C,"15""",No,545.0
2534,2017.0,6,256,SSD,DDR4,C,"12""",No,345.0
2535,2020.0,8,512,SSD,DDR4,A,"16""",No,535.0
2536,2016.0,16,2000,HDD,DDR4,C,"15""",No,755.0
2537,2021.0,16,256,SSD,DDR4,B,"14""",No,615.0
2538,2016.0,4,512,SSD,DDR4,C,"12""",No,275.0
2539,2018.0,16,512,SSD,DDR4,C,"12""",No,675.0
2540,2021.0,4,256,SSD,DDR4,C,"15""",No,345.0
2541,2017.0,8,256,HDD,DDR4,C,"12""",No,435.0
2542,2016.0,8,2000,SSD,DDR4,C,"15""",No,505.0
2543,2017.0,16,512,HDD,DDR4,C,"12""",No,525.0
2544,2017.0,4,256,HDD,DDR4,C,"14""",No,375.0
2545,2017.0,16,512,SSD,DDR4,C,"15""",No,545.0
2546,2019.0,32,256,HDD,DDR4,C,"15""",No,1145.0
2547,2017.0,4,256,HDD,DDR4,C,"12""",No,235.0
2548,2018.0,8,512,SSD,DDR4,C,"12""",No,405.0
2549,2020.0,8,256,HDD,DDR4,B,"14""",No,415.0
2550,2019.0,12,256,SSD,DDR4,C,"16""",No,515.0
2551,2021.0,4,2000,HDD,DDR4,B,"15""",No,405.0
2552,2016.0,12,1024,HDD,DDR4,C,"15""",No,585.0
2553,2020.0,16,512,SSD,DDR4,A,"15""",No,745.0
2554,2021.0,12,1024,SSD,DDR4,A,"14""",No,655.0
2555,2020.0,8,256,SSD,DDR4,A,"15""",Yes,555.0
2556,2021.0,8,256,SSD,DDR4,C,"14""",No,435.0
2557,2018.0,4,1024,SSD,DDR4,C,"15""",No,395.0
2558,2023.0,32,512,SSD,DDR4,A,"14""",No,1035.0
2559,2022.0,8,512,HDD,DDR4,A,"14""",No,465.0
2560,2019.0,32,120,SSD,DDR4,B,"16""",No,1185.0
2561,2016.0,8,1024,SSD,DDR4,C,"12""",No,415.0
2562,2022.0,8,1024,SSD,DDR4,A,"12""",No,585.0
2563,2019.0,32,2000,SSD,DDR4,A,"12""",No,1165.0
2564,2023.0,4,256,HDD,DDR4,B,"16""",No,405.0
2565,2021.0,4,1024,SSD,DDR4,A,"14""",No,465.0
2566,2022.0,8,512,SSD,DDR4,A,"16""",No,595.0
2567,2021.0,32,512,SSD,DDR4,C,"14""",No,835.0
2568,2021.0,4,512,SSD,DDR4,C,"15""",No,395.0
2569,2019.0,8,512,SSD,DDR4,A,"15""",No,475.0
2570,2018.0,16,256,SSD,DDR4,C,"15""",No,585.0
2571,2021.0,8,512,HDD,DDR4,A,"14""",No,545.0
2572,2016.0,8,1024,HDD,DDR4,C,"15""",No,465.0
2573,2023.0,8,1024,SSD,DDR4,A,"15""",No,605.0
2574,2021.0,8,512,SSD,DDR4,A,"14""",No,565.0
2575,2021.0,4,1024,SSD,DDR4,B,"15""",No,425.0
2576,2016.0,8,256,HDD,DDR4,C,"15""",No,465.0
2577,2019.0,32,128,SSD,DDR4,A,"15""",No,1055.0
2578,2021.0,8,256,SSD,DDR4,B,"14""",No,475.0
2579,2015.0,32,512,SSD,DDR3,A,"15""",No,825.0
2580,2020.0,16,512,SSD,DDR4,A,"15""",No,735.0
2581,2019.0,16,256,HDD,DDR4,A,"15""",No,735.0
2582,2021.0,12,1024,HDD,DDR4,B,"15""",No,585.0
2583,2021.0,4,512,SSD,DDR4,A,"14""",No,465.0
2584,2019.0,8,256,SSD,DDR4,C,"12""",No,335.0
2585,2021.0,16,128,SSD,DDR4,B,"14""",No,555.0
2586,2019.0,16,256,SSD,DDR4,C,"15""",No,605.0
2587,2017.0,32,512,HDD,DDR4,C,"15""",No,965.0
2588,2017.0,8,512,HDD,DDR4,C,"12""",No,375.0
2589,2021.0,8,512,SSD,DDR4,A,"16""",No,555.0
2590,2020.0,16,256,SSD,DDR4,C,"12""",No,485.0
2591,2021.0,8,256,SSD,DDR4,B,"16""",Yes,645.0
2592,2021.0,8,512,SSD,DDR4,A,"14""",No,505.0
2593,2018.0,32,128,SSD,DDR4,B,"15""",No,1195.0
2594,,8,512,HDD,DDR4,A,"12""",Yes,575.0
2595,2018.0,4,128,SSD,DDR4,C,"12""",No,215.0
2596,2020.0,16,128,SSD,DDR4,A,"12""",Yes,805.0
2597,2023.0,6,512,SSD,DDR4,A,"16""",No,545.0
2598,2015.0,6,256,SSD,DDR3,C,"12""",No,295.0
2599,2019.0,16,512,SSD,DDR4,C,"16""",No,695.0
2600,2017.0,32,128,HDD,DDR4,C,"15""",No,1125.0
2601,2017.0,6,128,SSD,DDR4,C,"15""",No,405.0
2602,2018.0,8,256,SSD,DDR4,C,"15""",No,465.0
2603,2021.0,12,256,SSD,DDR4,A,"16""",No,695.0
2604,2021.0,16,256,SSD,DDR4,C,"14""",Yes,595.0
2605,2017.0,4,512,HDD,DDR4,B,"14""",No,405.0
2606,2022.0,16,1024,SSD,DDR4,A,"12""",No,625.0
2607,2018.0,16,256,SSD,DDR4,C,"15""",No,695.0
2608,2019.0,32,512,SSD,DDR4,C,"15""",No,905.0
2609,2021.0,4,120,SSD,DDR4,C,"15""",No,395.0
2610,2020.0,16,256,HDD,DDR4,C,"12""",No,585.0
2611,2019.0,32,1024,HDD,DDR4,C,"15""",No,1135.0
2612,2021.0,4,256,SSD,DDR4,A,"14""",No,405.0
2613,2019.0,4,512,SSD,DDR4,C,"14""",No,325.0
2614,2020.0,16,512,SSD,DDR4,A,"14""",No,795.0
2615,2017.0,16,512,HDD,DDR4,C,"14""",No,525.0
2616,2016.0,16,256,SSD,DDR4,C,"15""",No,665.0
2617,2023.0,6,512,SSD,DDR4,A,"14""",No,445.0
2618,2016.0,8,128,SSD,DDR4,C,"15""",No,455.0
2619,2015.0,16,1024,SSD,DDR3,A,"15""",No,585.0
2620,2017.0,16,256,HDD,DDR4,C,"12""",No,435.0
2621,2020.0,16,256,HDD,DDR4,A,"15""",No,705.0
2622,2017.0,16,256,HDD,DDR4,C,"15""",No,575.0
2623,2022.0,8,256,SSD,DDR4,A,"14""",No,575.0
2624,2021.0,16,256,SSD,DDR4,B,"15""",No,695.0
2625,2019.0,16,256,SSD,DDR4,B,"14""",No,655.0
2626,2021.0,16,120,SSD,DDR4,A,"14""",No,615.0
2627,2016.0,8,256,HDD,DDR4,C,"12""",No,355.0
2628,2020.0,8,128,HDD,DDR4,A,"14""",Yes,605.0
2629,2021.0,16,120,SSD,DDR4,C,"14""",No,615.0
2630,2020.0,4,512,SSD,DDR4,A,"14""",No,415.0
2631,2021.0,32,256,SSD,DDR4,A,"15""",No,1125.0
2632,2020.0,6,256,SSD,DDR4,C,"14""",No,365.0
2633,2022.0,4,128,SSD,DDR4,B,"15""",No,325.0
2634,,16,128,HDD,DDR4,C,"12""",No,485.0
2635,2022.0,8,256,SSD,DDR4,A,"14""",No,535.0
2636,2019.0,8,1024,HDD,DDR4,C,"14""",No,485.0
2637,2021.0,4,256,SSD,DDR4,C,"15""",No,345.0
2638,2019.0,8,512,SSD,DDR4,C,"16""",No,515.0
2639,2020.0,4,512,SSD,DDR4,A,"15""",No,395.0
2640,2019.0,16,256,HDD,DDR4,C,"12""",No,605.0
2641,2016.0,4,256,SSD,DDR4,C,"12""",No,285.0
2642,2017.0,16,256,SSD,DDR4,C,"15""",No,725.0
2643,2021.0,8,512,SSD,DDR4,B,"14""",No,535.0
2644,2021.0,8,1024,HDD,DDR4,C,"15""",No,515.0
2645,2018.0,16,128,SSD,DDR4,A,"14""",No,615.0
2646,2017.0,16,256,SSD,DDR4,C,"14""",No,685.0
2647,2022.0,16,1024,SSD,DDR4,C,"12""",Yes,685.0
2648,2021.0,16,2000,SSD,DDR4,B,"14""",No,715.0
2649,2020.0,12,128,SSD,DDR4,C,"12""",No,555.0
2650,2020.0,8,120,HDD,DDR4,C,"16""",No,415.0
2651,2020.0,8,512,HDD,DDR4,B,"12""",No,405.0
2652,2020.0,8,256,SSD,DDR4,C,"14""",No,425.0
2653,2021.0,8,256,SSD,DDR4,B,"12""",No,415.0
2654,2019.0,8,256,HDD,DDR4,A,"15""",No,595.0
2655,2015.0,8,128,SSD,DDR3,C,"15""",No,315.0
2656,2021.0,8,2000,SSD,DDR4,A,"15""",No,615.0
2657,2018.0,16,512,SSD,DDR4,C,"14""",No,605.0
2658,2019.0,6,512,HDD,DDR4,C,"14""",No,375.0
2659,2020.0,8,256,SSD,DDR4,A,"12""",No,445.0
2660,2017.0,16,128,HDD,DDR4,C,"15""",No,585.0
2661,2021.0,16,256,SSD,DDR4,C,"15""",No,765.0
2662,2014.0,32,128,HDD,DDR3,C,"14""",No,715.0
2663,2020.0,8,256,SSD,DDR4,B,"12""",No,355.0
2664,2021.0,8,256,SSD,DDR4,A,"15""",No,595.0
2665,2019.0,8,512,SSD,DDR4,C,"15""",No,535.0
2666,2020.0,8,256,HDD,DDR4,C,"15""",No,365.0
2667,2021.0,16,256,HDD,DDR4,B,"12""",No,695.0
2668,2023.0,4,512,SSD,DDR4,A,"14""",No,455.0
2669,2016.0,16,1024,SSD,DDR4,C,"15""",No,625.0
2670,2021.0,8,512,SSD,DDR4,,"16""",No,465.0
2671,2020.0,8,256,SSD,DDR4,C,"15""",No,435.0
2672,2020.0,16,256,SSD,DDR4,C,"15""",Yes,645.0
2673,2020.0,8,256,HDD,DDR4,B,"14""",No,425.0
2674,2017.0,6,512,SSD,DDR4,C,"14""",No,445.0
2675,2019.0,16,512,SSD,DDR4,A,"12""",No,795.0
2676,2019.0,8,1024,SSD,DDR4,C,"14""",No,475.0
2677,2021.0,16,1024,HDD,DDR4,A,"14""",No,845.0
2678,2022.0,16,120,SSD,DDR4,A,"12""",No,595.0
2679,2018.0,8,256,SSD,DDR4,C,"14""",No,395.0
2680,2021.0,6,256,SSD,DDR4,B,"15""",No,475.0
2681,2020.0,12,128,HDD,DDR4,B,"12""",No,535.0
2682,2021.0,32,256,HDD,DDR4,A,"15""",No,1275.0
2683,2021.0,8,256,SSD,DDR4,C,"15""",No,425.0
2684,2018.0,16,512,SSD,DDR4,C,"15""",No,725.0
2685,2020.0,8,256,SSD,DDR4,B,"12""",No,415.0
2686,2020.0,16,512,SSD,DDR4,C,"15""",No,645.0
2687,2021.0,8,512,SSD,DDR4,A,"15""",No,505.0
2688,2017.0,8,256,SSD,DDR4,C,"12""",No,325.0
2689,2018.0,32,256,SSD,DDR4,C,"15""",No,1165.0
2690,2018.0,16,256,HDD,DDR4,B,"15""",No,755.0
2691,2020.0,32,128,SSD,DDR4,C,"15""",Yes,955.0
2692,2017.0,32,256,SSD,DDR4,C,"12""",No,845.0
2693,2018.0,32,512,SSD,DDR4,A,"14""",No,1375.0
2694,2018.0,16,256,HDD,DDR4,C,"15""",No,525.0
2695,2021.0,12,128,SSD,DDR4,C,"12""",No,465.0
2696,2018.0,4,256,SSD,DDR4,C,"15""",No,385.0
2697,2019.0,8,256,SSD,DDR4,C,"15""",No,485.0
2698,2019.0,16,128,SSD,DDR4,A,"14""",No,655.0
2699,2013.0,4,512,HDD,DDR3,C,"12""",No,275.0
2700,2023.0,8,120,SSD,DDR4,C,"15""",No,435.0
2701,2020.0,8,1024,SSD,DDR4,C,"12""",No,385.0
2702,2020.0,6,256,HDD,DDR4,C,"16""",No,395.0
2703,,16,512,HDD,DDR3,C,"15""",No,465.0
2704,2021.0,8,512,SSD,DDR4,A,"15""",No,565.0
2705,2018.0,8,128,SSD,DDR4,C,"12""",No,415.0
2706,2021.0,4,512,HDD,DDR4,C,"16""",No,375.0
2707,2019.0,16,120,SSD,DDR4,B,"14""",No,655.0
2708,2017.0,6,256,SSD,DDR4,C,"15""",No,365.0
2709,2022.0,8,512,SSD,DDR4,A,"14""",No,505.0
2710,2016.0,16,128,SSD,DDR4,C,"15""",No,585.0
2711,2019.0,8,256,SSD,DDR4,C,"16""",No,485.0
2712,2015.0,8,256,HDD,DDR3,C,"12""",No,245.0
2713,2021.0,16,512,HDD,DDR4,C,"12""",No,535.0
2714,2018.0,8,512,SSD,DDR4,C,"12""",No,445.0
2715,2019.0,8,256,HDD,DDR4,C,"12""",No,435.0
2716,2017.0,4,256,SSD,DDR4,C,"14""",No,305.0
2717,2020.0,4,1024,SSD,DDR4,C,"12""",No,305.0
2718,2020.0,6,512,SSD,DDR4,C,"16""",No,485.0
2719,2018.0,16,512,HDD,DDR4,A,"15""",No,615.0
2720,2019.0,16,128,SSD,DDR4,C,"15""",No,685.0
2721,2022.0,8,1024,SSD,DDR4,B,"14""",No,465.0
2722,2019.0,16,256,SSD,DDR4,C,"15""",No,655.0
2723,2021.0,16,128,HDD,DDR4,A,"14""",No,785.0
2724,2022.0,16,512,HDD,DDR4,A,"15""",Yes,905.0
2725,2020.0,16,256,SSD,DDR4,A,"15""",Yes,815.0
2726,2021.0,16,512,SSD,DDR4,C,"12""",No,665.0
2727,2017.0,32,256,HDD,DDR4,C,"15""",No,875.0
2728,2017.0,8,256,HDD,DDR4,C,"12""",No,295.0
2729,2021.0,6,256,SSD,DDR4,A,"12""",No,415.0
2730,2020.0,8,256,SSD,DDR4,A,"14""",No,485.0
2731,2017.0,4,256,HDD,DDR4,C,"15""",No,335.0
2732,2020.0,4,256,SSD,DDR4,C,"14""",No,335.0
2733,2021.0,16,512,SSD,DDR4,B,"15""",No,695.0
2734,2017.0,8,256,HDD,DDR4,C,"15""",No,475.0
2735,2021.0,32,256,HDD,DDR4,A,"12""",No,995.0
2736,2020.0,32,256,SSD,DDR4,B,"12""",No,1105.0
2737,2019.0,16,512,SSD,DDR4,C,"16""",No,625.0
2738,2020.0,8,512,SSD,DDR4,A,"14""",No,445.0
2739,2017.0,16,128,SSD,DDR4,C,"15""",No,675.0
2740,2017.0,8,512,SSD,DDR4,C,"15""",No,475.0
2741,2016.0,8,256,SSD,DDR4,C,"14""",No,445.0
2742,2017.0,12,256,HDD,DDR4,A,"15""",No,575.0
2743,2020.0,16,256,SSD,DDR4,A,"15""",No,665.0
2744,2017.0,8,512,SSD,DDR4,C,"14""",No,415.0
2745,2020.0,32,128,HDD,DDR4,C,"12""",No,955.0
2746,2016.0,16,1024,HDD,DDR4,C,"15""",No,725.0
2747,2021.0,8,512,SSD,DDR4,C,"12""",No,405.0
2748,2020.0,16,512,SSD,DDR4,B,"12""",Yes,755.0
2749,2021.0,16,512,HDD,DDR4,A,"14""",No,705.0
2750,2020.0,32,1024,SSD,DDR4,A,"16""",Yes,1315.0
2751,2021.0,8,512,HDD,DDR4,A,"15""",No,465.0
2752,2023.0,16,512,HDD,DDR4,A,"12""",Yes,675.0
2753,2020.0,8,256,SSD,DDR4,C,"12""",No,375.0
2754,2019.0,8,128,SSD,DDR4,B,"16""",No,535.0
2755,2022.0,4,128,SSD,DDR4,C,"15""",No,315.0
2756,2018.0,8,1024,SSD,DDR4,C,"14""",No,425.0
2757,2020.0,16,1024,SSD,DDR4,C,"14""",Yes,595.0
2758,2019.0,6,256,SSD,DDR4,B,"14""",No,405.0
2759,2018.0,8,512,SSD,DDR4,C,"15""",No,465.0
2760,2023.0,4,1024,HDD,DDR4,C,"15""",No,405.0
2761,2017.0,4,256,HDD,DDR4,C,"14""",No,335.0
2762,2016.0,32,512,HDD,DDR4,C,"15""",No,1155.0
2763,2020.0,4,256,SSD,DDR4,B,"12""",No,295.0
2764,2017.0,8,512,HDD,DDR4,,"15""",No,365.0
2765,2021.0,8,512,SSD,DDR4,A,"14""",No,515.0
2766,2017.0,8,256,SSD,DDR4,C,"15""",No,445.0
2767,2020.0,16,512,HDD,DDR4,A,"15""",Yes,875.0
2768,2018.0,4,512,SSD,DDR4,A,"15""",No,395.0
2769,2019.0,4,128,SSD,DDR4,C,"12""",No,245.0
2770,2019.0,8,256,SSD,DDR4,C,"15""",No,465.0
2771,2018.0,32,128,SSD,DDR4,C,"15""",No,915.0
2772,2021.0,4,256,SSD,DDR4,A,"15""",No,355.0
2773,2019.0,16,256,SSD,DDR4,C,"14""",No,475.0
2774,2022.0,6,256,SSD,DDR4,B,"14""",No,445.0
2775,2015.0,16,512,SSD,DDR3,C,"15""",No,565.0
2776,2020.0,8,256,SSD,DDR4,C,"12""",No,395.0
2777,2018.0,8,1024,SSD,DDR4,C,"12""",No,415.0
2778,2018.0,32,256,SSD,DDR4,C,"14""",No,1095.0
2779,2014.0,8,1024,SSD,DDR3,C,"12""",No,305.0
2780,2021.0,8,512,SSD,DDR4,B,"15""",No,455.0
2781,2017.0,6,2000,HDD,DDR4,C,"12""",No,345.0
2782,2019.0,12,128,HDD,DDR4,A,"14""",No,545.0
2783,2022.0,8,1024,SSD,DDR4,B,"15""",No,595.0
2784,2021.0,8,256,SSD,DDR4,A,"12""",No,485.0
2785,2020.0,8,256,SSD,DDR4,C,"14""",No,415.0
2786,2022.0,16,128,SSD,DDR4,C,"14""",No,605.0
2787,2020.0,8,1024,HDD,DDR4,A,"15""",No,565.0
2788,2016.0,8,256,HDD,DDR4,C,"14""",No,465.0
2789,2018.0,4,1024,SSD,DDR4,C,"14""",No,365.0
2790,2013.0,4,128,SSD,DDR3,C,"12""",No,275.0
2791,2016.0,4,1024,HDD,DDR4,C,"14""",No,315.0
2792,2015.0,4,1024,HDD,DDR3,C,"15""",No,325.0
2793,2017.0,4,256,HDD,DDR4,C,"15""",No,305.0
2794,2019.0,16,512,SSD,DDR4,A,"14""",No,695.0
2795,2022.0,16,1024,SSD,DDR4,A,"14""",No,855.0
2796,2016.0,8,1024,SSD,DDR4,C,"14""",No,405.0
2797,2019.0,8,512,SSD,DDR4,C,"15""",No,465.0
2798,2020.0,16,128,SSD,DDR4,C,"12""",No,555.0
2799,2018.0,8,512,SSD,DDR4,A,"15""",No,545.0
2800,2018.0,12,128,SSD,DDR4,,"14""",No,525.0
2801,2020.0,16,512,SSD,DDR4,C,"14""",No,735.0
2802,2016.0,16,256,HDD,DDR4,C,"15""",No,635.0
2803,2017.0,16,512,SSD,DDR4,A,"14""",No,655.0
2804,2016.0,8,256,SSD,DDR4,,"14""",No,395.0
2805,2017.0,16,1024,HDD,DDR4,C,"15""",No,695.0
2806,2018.0,4,256,HDD,DDR4,C,"15""",No,345.0
2807,2017.0,8,512,HDD,DDR4,C,"12""",No,335.0
2808,2020.0,32,128,SSD,DDR4,C,"15""",No,995.0
2809,2019.0,8,128,SSD,DDR4,C,"12""",No,355.0
2810,2019.0,8,256,SSD,DDR4,C,"12""",No,385.0
2811,2019.0,4,256,HDD,DDR4,A,"12""",No,315.0
2812,2017.0,12,512,SSD,DDR4,B,"15""",No,575.0
2813,2021.0,16,128,SSD,DDR4,C,"12""",No,595.0
2814,2021.0,16,256,SSD,DDR4,A,"14""",No,735.0
2815,2021.0,4,512,SSD,DDR4,C,"15""",No,395.0
2816,2020.0,4,512,SSD,DDR4,B,"14""",No,425.0
2817,2020.0,16,128,HDD,DDR4,C,"14""",Yes,525.0
2818,2021.0,32,128,HDD,DDR4,A,"12""",No,955.0
2819,2016.0,12,512,HDD,DDR4,C,"12""",No,545.0
2820,2016.0,8,1024,HDD,DDR4,C,"14""",No,535.0
2821,2018.0,8,512,SSD,DDR4,A,"12""",No,435.0
2822,2020.0,12,256,HDD,DDR4,C,"16""",No,595.0
2823,2018.0,16,256,SSD,DDR4,C,"15""",No,655.0
2824,2020.0,6,2000,HDD,DDR4,B,"12""",No,445.0
2825,2018.0,16,512,SSD,DDR4,B,"15""",No,645.0
2826,2017.0,8,1024,SSD,DDR4,C,"15""",No,505.0
2827,2021.0,16,2000,SSD,DDR4,B,"12""",No,675.0
2828,2019.0,8,256,HDD,DDR4,C,"15""",No,485.0
2829,2025.0,16,512,SSD,DDR4,A,"12""",No,625.0
2830,2019.0,16,256,HDD,DDR4,C,"14""",No,485.0
2831,2020.0,32,128,SSD,DDR4,C,"15""",No,865.0
2832,2016.0,16,256,HDD,DDR4,C,"12""",No,505.0
2833,2020.0,12,256,SSD,DDR4,B,"12""",No,415.0
2834,2017.0,8,128,SSD,DDR4,C,"15""",No,455.0
2835,2019.0,8,128,SSD,DDR4,C,"15""",No,455.0
2836,2020.0,8,256,SSD,DDR4,C,"15""",Yes,455.0
2837,2019.0,8,256,HDD,DDR4,B,"15""",No,455.0
2838,2021.0,4,1024,SSD,DDR4,A,"12""",No,355.0
2839,2021.0,4,256,SSD,DDR4,,"15""",No,405.0
2840,2024.0,8,512,SSD,DDR4,B,"14""",No,495.0
2841,2018.0,4,1024,HDD,DDR4,C,"15""",No,405.0
2842,2021.0,8,256,HDD,DDR4,C,"12""",No,375.0
2843,2016.0,16,512,HDD,DDR4,C,"15""",No,595.0
2844,2019.0,12,128,SSD,DDR4,A,"14""",No,525.0
2845,2019.0,4,128,SSD,DDR4,A,"15""",No,405.0
2846,2018.0,8,256,HDD,DDR4,A,"14""",No,565.0
2847,2022.0,8,128,SSD,DDR4,A,"12""",No,465.0
2848,2019.0,16,256,HDD,DDR4,C,"15""",No,545.0
2849,2022.0,32,256,SSD,DDR4,A,"14""",No,1375.0
2850,2018.0,8,256,SSD,DDR4,C,"14""",No,355.0
2851,2019.0,8,256,HDD,DDR4,A,"12""",No,435.0
2852,2022.0,32,256,SSD,DDR4,A,"14""",Yes,1175.0
2853,2020.0,4,512,HDD,DDR4,A,"12""",No,305.0
2854,2022.0,4,1024,SSD,DDR4,A,"14""",No,465.0
2855,2018.0,6,512,SSD,DDR4,A,"12""",No,485.0
2856,2017.0,8,2000,HDD,DDR4,C,"12""",No,415.0
2857,2021.0,12,256,SSD,DDR4,C,"12""",No,525.0
2858,2017.0,4,512,SSD,DDR4,C,"15""",No,345.0
2859,2021.0,16,256,SSD,DDR4,C,"14""",Yes,535.0
2860,2019.0,16,256,SSD,DDR4,B,"12""",No,645.0
2861,2020.0,16,256,SSD,DDR4,C,"14""",No,615.0
2862,2022.0,16,128,HDD,DDR4,B,"14""",No,525.0
2863,2019.0,8,512,HDD,DDR4,C,"14""",No,485.0
2864,2017.0,8,256,HDD,DDR4,C,"15""",No,465.0
2865,2017.0,8,256,HDD,DDR4,A,"15""",No,405.0
2866,2020.0,16,1024,SSD,DDR4,A,"15""",No,775.0
2867,2019.0,8,120,SSD,DDR4,C,"14""",No,385.0
2868,2020.0,8,512,SSD,DDR4,C,"15""",No,465.0
2869,2015.0,8,120,HDD,DDR3,C,"15""",No,385.0
2870,2020.0,16,256,SSD,DDR4,A,"12""",No,615.0
2871,2021.0,16,256,SSD,DDR4,A,"12""",Yes,695.0
2872,2017.0,8,256,SSD,DDR4,C,"14""",No,465.0
2873,2020.0,4,512,HDD,DDR4,C,"15""",No,385.0
2874,2015.0,8,512,SSD,DDR3,,"14""",No,345.0
2875,2021.0,8,1024,SSD,DDR4,C,"15""",Yes,465.0
2876,2018.0,8,256,SSD,DDR4,C,"15""",No,475.0
2877,2022.0,32,256,SSD,DDR4,A,"12""",No,1175.0
2878,2021.0,6,256,SSD,DDR4,A,"12""",No,375.0
2879,2021.0,32,256,SSD,DDR4,C,"15""",Yes,885.0
2880,2022.0,8,128,SSD,DDR4,A,"14""",Yes,535.0
2881,2018.0,8,1024,SSD,DDR4,C,"15""",No,455.0
2882,2020.0,8,256,SSD,DDR4,C,"14""",No,435.0
2883,2020.0,8,128,SSD,DDR4,C,"15""",No,395.0
2884,2019.0,8,2000,HDD,DDR4,C,"16""",No,495.0
2885,2016.0,32,256,SSD,DDR4,C,"12""",No,905.0
2886,2020.0,8,256,SSD,DDR4,A,"14""",Yes,565.0
2887,2020.0,8,2000,HDD,DDR4,C,"16""",No,535.0
2888,2018.0,8,128,SSD,DDR4,C,"12""",No,385.0
2889,2021.0,4,120,SSD,DDR4,C,"14""",No,305.0
2890,2020.0,8,128,SSD,DDR4,A,"16""",No,525.0
2891,2019.0,8,512,SSD,DDR4,C,"15""",No,475.0
2892,2020.0,8,512,HDD,DDR4,C,"15""",No,435.0
2893,2017.0,8,512,SSD,DDR4,C,"15""",No,405.0
2894,2020.0,8,256,SSD,DDR4,C,"14""",No,485.0
2895,2020.0,32,256,SSD,DDR4,A,"15""",No,1025.0
2896,2018.0,8,1024,SSD,DDR4,C,"14""",No,505.0
2897,2018.0,32,512,HDD,DDR4,C,"15""",No,1085.0
2898,2019.0,4,512,SSD,DDR4,B,"14""",No,395.0
2899,2017.0,4,256,HDD,DDR4,C,"12""",No,295.0
2900,2020.0,32,512,HDD,DDR4,C,"16""",No,825.0
2901,2020.0,32,256,SSD,DDR4,B,"16""",No,1025.0
2902,2017.0,4,128,SSD,DDR4,,"15""",No,345.0
2903,2015.0,16,1024,SSD,DDR3,C,"15""",No,515.0
2904,2020.0,6,512,SSD,DDR4,C,"12""",No,325.0
2905,2019.0,8,1024,HDD,DDR4,C,"15""",No,475.0
2906,2022.0,12,120,SSD,DDR4,A,"14""",No,575.0
2907,2019.0,8,1024,SSD,DDR4,C,"15""",No,515.0
2908,2017.0,8,1024,HDD,DDR4,C,"15""",No,425.0
2909,2021.0,8,512,SSD,DDR4,A,"12""",No,535.0
2910,2020.0,4,512,SSD,DDR4,C,"14""",No,405.0
2911,2022.0,16,1024,SSD,DDR4,B,"12""",Yes,625.0
2912,2014.0,6,128,HDD,DDR3,C,"14""",No,345.0
2913,2020.0,8,256,SSD,DDR4,A,"16""",No,605.0
2914,2019.0,32,256,SSD,DDR4,C,"14""",No,1045.0
2915,2020.0,16,120,SSD,DDR4,C,"16""",No,655.0
2916,2020.0,6,128,HDD,DDR4,C,"15""",No,375.0
2917,2020.0,8,512,SSD,DDR4,A,"14""",No,535.0
2918,2019.0,8,256,SSD,DDR4,C,"16""",No,465.0
2919,2019.0,4,128,SSD,DDR4,C,"14""",No,375.0
2920,2017.0,8,1024,HDD,DDR4,,"14""",No,495.0
2921,2019.0,8,256,SSD,DDR4,C,"14""",No,455.0
2922,2020.0,8,1024,SSD,DDR4,C,"15""",No,435.0
2923,2019.0,32,512,SSD,DDR4,C,"15""",No,1035.0
2924,2015.0,4,256,HDD,DDR3,A,"15""",No,365.0
2925,2020.0,8,128,SSD,DDR4,C,"15""",No,475.0
2926,2019.0,8,512,SSD,DDR4,B,"16""",No,565.0
2927,2016.0,8,120,HDD,DDR4,C,"12""",No,325.0
2928,2023.0,8,512,HDD,DDR4,B,"14""",No,385.0
2929,2017.0,16,128,SSD,DDR4,C,"14""",No,675.0
2930,2017.0,8,120,SSD,DDR4,C,"14""",No,475.0
2931,2021.0,8,128,HDD,DDR4,B,"15""",Yes,475.0
2932,2015.0,8,128,HDD,DDR3,C,"14""",No,315.0
2933,2018.0,8,512,SSD,DDR4,B,"15""",No,465.0
2934,2016.0,8,512,SSD,DDR4,C,"12""",No,445.0
2935,2019.0,4,128,SSD,DDR4,A,"16""",No,475.0
2936,2016.0,8,1024,HDD,DDR4,C,"14""",No,485.0
2937,2020.0,16,256,SSD,DDR4,C,"14""",No,505.0
2938,2017.0,8,512,HDD,DDR4,C,"15""",No,465.0
2939,2020.0,32,128,SSD,DDR4,A,"14""",No,945.0
2940,2017.0,8,128,HDD,DDR4,,"12""",No,355.0
2941,2020.0,8,256,HDD,DDR4,A,"15""",No,455.0
2942,2017.0,32,512,HDD,DDR4,C,"15""",No,915.0
2943,2020.0,16,256,SSD,DDR4,A,"12""",No,585.0
2944,2017.0,6,512,HDD,DDR4,C,"15""",No,355.0
2945,2018.0,4,2000,HDD,DDR4,C,"12""",No,375.0
2946,2019.0,16,256,SSD,DDR4,B,"15""",No,765.0
2947,2018.0,8,256,SSD,DDR4,A,"15""",No,535.0
2948,2020.0,16,256,SSD,DDR4,C,"14""",No,545.0
2949,2019.0,32,256,SSD,DDR4,C,"15""",No,955.0
2950,2016.0,8,128,HDD,DDR4,C,"14""",No,425.0
2951,2019.0,16,512,SSD,DDR4,A,"14""",No,805.0
2952,2021.0,16,512,SSD,DDR4,B,"12""",Yes,775.0
2953,2018.0,16,128,SSD,DDR4,C,"15""",No,615.0
2954,2019.0,16,128,SSD,DDR4,C,"12""",No,465.0
2955,2020.0,32,256,SSD,DDR4,C,"15""",No,1025.0
2956,2021.0,8,256,SSD,DDR4,A,"12""",No,415.0
2957,2019.0,16,256,HDD,DDR4,C,"14""",No,655.0
2958,2017.0,16,120,SSD,DDR4,C,"14""",No,685.0
2959,2019.0,8,2000,SSD,DDR4,C,"15""",No,585.0
2960,2020.0,8,256,SSD,DDR4,C,"14""",No,475.0
2961,2018.0,8,256,HDD,DDR4,A,"15""",No,415.0
2962,2021.0,32,256,SSD,DDR4,B,"12""",No,1085.0
2963,2020.0,8,256,HDD,DDR4,C,"14""",No,405.0
2964,2018.0,6,256,HDD,DDR4,C,"14""",No,385.0
2965,2020.0,32,256,SSD,DDR4,A,"15""",No,1245.0
2966,2020.0,6,128,SSD,DDR4,A,"15""",No,455.0
2967,2018.0,6,1024,HDD,DDR4,C,"15""",No,415.0
2968,2022.0,8,256,SSD,DDR4,B,"14""",No,505.0
2969,2017.0,6,512,SSD,DDR4,C,"15""",No,445.0
2970,2017.0,4,2000,HDD,DDR4,C,"12""",No,365.0
2971,2018.0,8,512,HDD,DDR4,C,"12""",No,485.0
2972,2019.0,8,512,SSD,DDR4,C,"15""",No,465.0
2973,2019.0,4,512,SSD,DDR4,A,"15""",No,485.0
2974,2021.0,8,256,SSD,DDR4,A,"16""",Yes,685.0
2975,2021.0,4,256,SSD,DDR4,C,"16""",No,385.0
2976,2020.0,6,256,SSD,DDR4,C,"12""",No,345.0
2977,2016.0,32,512,SSD,DDR4,C,"15""",No,1165.0
2978,2016.0,16,120,HDD,DDR4,C,"14""",No,615.0
2979,2014.0,8,256,SSD,DDR3,C,"12""",No,325.0
2980,2019.0,8,256,SSD,DDR4,C,"14""",No,455.0
2981,2018.0,16,1024,HDD,DDR4,C,"15""",No,735.0
2982,2017.0,8,256,HDD,DDR4,C,"12""",No,375.0
2983,2020.0,8,512,SSD,DDR4,C,"15""",No,505.0
2984,2018.0,8,512,HDD,DDR4,A,"15""",No,545.0
2985,2018.0,8,1024,SSD,DDR4,C,"14""",No,475.0
2986,2019.0,4,2000,SSD,DDR4,A,"15""",No,555.0
2987,2022.0,4,128,SSD,DDR4,C,"12""",No,225.0
2988,2022.0,8,512,SSD,DDR4,A,"14""",No,475.0
2989,2019.0,4,256,SSD,DDR4,C,"14""",No,335.0
2990,2020.0,8,1024,SSD,DDR4,B,"15""",No,535.0
2991,2021.0,8,256,SSD,DDR4,C,"12""",No,425.0
2992,2021.0,8,512,SSD,DDR4,C,"16""",Yes,505.0
2993,2018.0,8,256,HDD,DDR4,,"12""",No,385.0
2994,2017.0,16,512,HDD,DDR4,C,"14""",No,735.0
2995,2015.0,16,512,SSD,DDR3,C,"14""",No,425.0
2996,2016.0,16,120,HDD,DDR4,C,"15""",No,645.0
2997,2018.0,8,256,SSD,DDR4,C,"14""",No,485.0
2998,2019.0,16,256,SSD,DDR4,C,"14""",No,575.0
2999,2022.0,4,256,SSD,DDR4,A,"15""",No,485.0
3000,2017.0,12,512,SSD,DDR4,C,"15""",No,615.0
3001,2016.0,16,128,SSD,DDR4,C,"12""",No,665.0
3002,2020.0,4,256,SSD,DDR4,B,"15""",No,415.0
3003,2021.0,8,128,SSD,DDR4,A,"14""",No,445.0
3004,2018.0,8,256,SSD,DDR4,C,"15""",No,395.0
3005,2020.0,8,128,HDD,DDR4,A,"14""",No,505.0
3006,2019.0,8,120,SSD,DDR4,C,"15""",No,425.0
3007,2019.0,8,1024,SSD,DDR4,A,"15""",No,575.0
3008,2018.0,32,256,SSD,DDR4,A,"12""",No,965.0
3009,2020.0,8,256,SSD,DDR4,B,"12""",No,465.0
3010,2019.0,8,2000,HDD,DDR4,A,"12""",No,535.0
3011,2017.0,16,120,SSD,DDR4,C,"14""",No,635.0
3012,2018.0,8,256,SSD,DDR4,C,"15""",No,425.0
3013,2019.0,8,256,SSD,DDR4,A,"15""",No,545.0
3014,2021.0,8,1024,SSD,DDR4,C,"14""",No,395.0
3015,2018.0,32,512,HDD,DDR4,C,"15""",No,1025.0
3016,2021.0,4,2000,SSD,DDR4,C,"14""",No,385.0
3017,2021.0,8,128,HDD,DDR4,,"12""",No,335.0
3018,2019.0,32,256,HDD,DDR4,C,"15""",No,1055.0
3019,2017.0,4,512,SSD,DDR4,A,"15""",No,425.0
3020,2021.0,32,128,SSD,DDR4,A,"14""",No,1355.0
3021,2019.0,16,2000,SSD,DDR4,,"12""",No,665.0
3022,2017.0,32,256,HDD,DDR4,C,"12""",No,1075.0
3023,2022.0,16,256,HDD,DDR4,C,"12""",No,455.0
3024,2023.0,16,256,HDD,DDR4,B,"14""",No,695.0
3025,2019.0,8,256,SSD,DDR4,C,"14""",No,445.0
3026,,8,256,HDD,DDR4,C,"14""",No,455.0
3027,2021.0,8,512,SSD,DDR4,C,"15""",No,455.0
3028,2022.0,8,256,SSD,DDR4,A,"14""",Yes,545.0
3029,2018.0,16,256,SSD,DDR4,B,"12""",No,615.0
3030,2023.0,16,512,SSD,DDR4,A,"15""",No,735.0
3031,2019.0,8,256,SSD,DDR4,B,"12""",No,395.0
3032,2021.0,32,256,SSD,DDR4,A,"15""",Yes,1325.0
3033,2019.0,32,256,SSD,DDR4,A,"14""",No,1155.0
3034,2017.0,8,256,HDD,DDR4,C,"12""",No,315.0
3035,2017.0,32,512,SSD,DDR4,C,"12""",No,1055.0
3036,2017.0,4,256,SSD,DDR4,C,"14""",No,305.0
3037,2016.0,8,128,HDD,DDR4,C,"14""",No,415.0
3038,2020.0,4,120,SSD,DDR4,A,"14""",No,345.0
3039,2021.0,4,128,SSD,DDR4,C,"12""",No,295.0
3040,2019.0,16,256,SSD,DDR4,C,"16""",No,645.0
3041,2018.0,4,1024,SSD,DDR4,C,"14""",No,335.0
3042,2020.0,8,120,SSD,DDR4,A,"15""",No,505.0
3043,2018.0,8,256,SSD,DDR4,B,"15""",No,475.0
3044,2019.0,16,2000,HDD,DDR4,A,"15""",No,905.0
3045,2023.0,32,256,SSD,DDR4,C,"14""",No,1065.0
3046,2019.0,8,256,SSD,DDR4,C,"15""",No,505.0
3047,2020.0,8,256,HDD,DDR4,B,"12""",No,365.0
3048,2020.0,8,512,SSD,DDR4,C,"12""",No,425.0
3049,2020.0,4,256,SSD,DDR4,A,"12""",No,275.0
3050,2018.0,16,512,SSD,DDR4,C,"12""",No,555.0
3051,2016.0,16,512,HDD,DDR4,B,"12""",No,645.0
3052,2021.0,6,1024,SSD,DDR4,B,"12""",No,425.0
3053,2021.0,4,1024,SSD,DDR4,A,"15""",No,425.0
3054,2018.0,16,512,SSD,DDR4,A,"14""",No,785.0
3055,2021.0,8,1024,HDD,DDR4,,"15""",No,555.0
3056,2019.0,16,256,SSD,DDR4,C,"12""",No,625.0
3057,2021.0,4,512,HDD,DDR4,C,"12""",No,295.0
3058,2021.0,16,1024,SSD,DDR4,B,"12""",No,585.0
3059,2018.0,6,120,HDD,DDR4,B,"15""",No,375.0
3060,2015.0,8,512,HDD,DDR3,C,"15""",No,385.0
3061,2020.0,8,128,SSD,DDR4,A,"14""",Yes,575.0
3062,2017.0,16,512,HDD,DDR4,C,"15""",No,605.0
3063,2019.0,8,1024,SSD,DDR4,C,"15""",No,485.0
3064,2018.0,32,128,SSD,DDR4,C,"15""",No,1005.0
3065,2019.0,32,256,SSD,DDR4,C,"14""",No,1015.0
3066,2023.0,32,512,SSD,DDR4,A,"16""",No,1115.0
3067,2019.0,8,256,SSD,DDR4,A,"12""",No,495.0
3068,2019.0,16,1024,SSD,DDR4,C,"15""",No,775.0
3069,2018.0,32,1024,SSD,DDR4,A,"12""",No,1085.0
3070,2020.0,8,256,SSD,DDR4,B,"16""",Yes,495.0
3071,2021.0,16,128,SSD,DDR4,C,"16""",No,575.0
3072,2019.0,8,256,SSD,DDR4,C,"14""",No,425.0
3073,2019.0,8,128,SSD,DDR4,C,"12""",No,335.0
3074,2019.0,4,1024,HDD,DDR4,C,"14""",No,365.0
3075,2019.0,8,256,SSD,DDR4,A,"15""",No,535.0
3076,2016.0,8,512,HDD,DDR4,C,"15""",No,505.0
3077,2021.0,16,128,HDD,DDR4,C,"16""",No,745.0
3078,2020.0,8,512,SSD,DDR4,B,"14""",No,515.0
3079,2018.0,4,120,SSD,DDR4,C,"14""",No,315.0
3080,2017.0,4,256,SSD,DDR4,C,"14""",No,365.0
3081,2013.0,4,512,SSD,DDR3,C,"14""",No,335.0
3082,2019.0,8,2000,SSD,DDR4,C,"14""",No,535.0
3083,2020.0,8,256,SSD,DDR4,B,"12""",No,375.0
3084,2022.0,8,512,SSD,DDR4,A,"14""",No,535.0
3085,2017.0,8,256,HDD,DDR4,C,"15""",No,465.0
3086,2020.0,8,256,SSD,DDR4,B,"16""",No,525.0
3087,2022.0,32,512,SSD,DDR4,C,"15""",No,1015.0
3088,2021.0,8,256,SSD,DDR4,A,"15""",No,585.0
3089,2020.0,8,256,SSD,DDR4,A,"12""",No,525.0
3090,2021.0,16,2000,SSD,DDR4,A,"15""",No,865.0
3091,2018.0,8,128,SSD,DDR4,C,"15""",No,445.0
3092,2022.0,8,512,SSD,DDR4,C,"12""",No,375.0
3093,2019.0,32,128,HDD,DDR4,C,"15""",No,1095.0
3094,2018.0,8,256,SSD,DDR4,C,"14""",No,465.0
3095,2019.0,4,256,SSD,DDR4,A,"15""",No,415.0
3096,2021.0,6,512,SSD,DDR4,A,"15""",No,515.0
3097,2018.0,8,128,SSD,DDR4,A,"15""",No,515.0
3098,2015.0,8,512,HDD,DDR3,C,"14""",No,325.0
3099,2019.0,8,512,SSD,DDR4,A,"15""",No,565.0
3100,2021.0,8,256,SSD,DDR4,A,"14""",No,535.0
3101,2018.0,16,512,SSD,DDR4,B,"12""",No,595.0
3102,2020.0,12,128,HDD,DDR4,C,"16""",No,645.0
3103,2019.0,8,256,SSD,DDR4,C,"12""",No,445.0
3104,2019.0,32,512,SSD,DDR4,C,"12""",No,985.0
3105,2019.0,16,128,SSD,DDR4,B,"15""",No,715.0
3106,2021.0,4,128,SSD,DDR4,A,"16""",No,495.0
3107,2020.0,8,512,SSD,DDR4,A,"14""",No,565.0
3108,2020.0,8,128,HDD,DDR4,A,"15""",No,425.0
3109,2017.0,16,1024,HDD,DDR4,C,"15""",No,535.0
3110,2018.0,4,128,SSD,DDR4,,"15""",No,405.0
3111,2017.0,16,256,SSD,DDR4,C,"15""",No,605.0
3112,2021.0,12,256,SSD,DDR4,A,"15""",No,665.0
3113,2019.0,8,128,SSD,DDR4,A,"12""",No,375.0
3114,2017.0,8,128,HDD,DDR4,C,"12""",No,345.0
3115,2020.0,4,512,SSD,DDR4,C,"15""",No,355.0
3116,2019.0,8,128,SSD,DDR4,C,"15""",No,365.0
3117,2013.0,8,256,HDD,DDR3,C,"15""",No,365.0
3118,2021.0,4,512,SSD,DDR4,A,"15""",No,405.0
3119,2018.0,4,512,SSD,DDR4,C,"12""",No,335.0
3120,2020.0,32,512,SSD,DDR4,C,"15""",No,1095.0
3121,2020.0,4,128,SSD,DDR4,C,"15""",No,295.0
3122,2016.0,4,512,SSD,DDR4,C,"15""",No,365.0
3123,2018.0,6,256,SSD,DDR4,C,"15""",No,365.0
3124,2019.0,16,256,HDD,DDR4,A,"15""",No,835.0
3125,2017.0,8,256,HDD,DDR4,C,"12""",No,345.0
3126,2018.0,12,256,SSD,DDR4,A,"12""",No,525.0
3127,2018.0,16,256,SSD,DDR4,C,"12""",No,635.0
3128,2016.0,4,512,SSD,DDR4,A,"14""",No,405.0
3129,2023.0,4,256,SSD,DDR4,,"16""",No,445.0
3130,2020.0,6,256,HDD,DDR4,A,"14""",No,415.0
3131,2019.0,8,1024,SSD,DDR4,C,"14""",No,415.0
3132,2019.0,8,512,SSD,DDR4,C,"16""",No,455.0
3133,2019.0,8,120,SSD,DDR4,A,"15""",No,485.0
3134,2015.0,8,256,SSD,DDR3,C,"12""",No,275.0
3135,2020.0,4,1024,SSD,DDR4,C,"15""",No,395.0
3136,2014.0,8,120,HDD,DDR3,C,"15""",No,345.0
3137,2019.0,8,512,SSD,DDR4,A,"15""",No,515.0
3138,2018.0,4,256,SSD,DDR4,C,"14""",No,325.0
3139,2023.0,16,512,SSD,DDR4,B,"15""",No,765.0
3140,2019.0,32,1024,SSD,DDR4,A,"16""",No,1405.0
3141,2016.0,8,1024,SSD,DDR4,C,"12""",No,465.0
3142,2017.0,8,120,SSD,DDR4,C,"12""",No,345.0
3143,2021.0,16,512,HDD,DDR4,A,"12""",No,625.0
3144,2020.0,8,2000,SSD,DDR4,C,"14""",Yes,605.0
3145,2019.0,8,128,SSD,DDR4,C,"16""",No,475.0
3146,2019.0,16,512,HDD,DDR4,A,"14""",No,775.0
3147,2020.0,8,256,SSD,DDR4,C,"14""",No,435.0
3148,2019.0,16,256,SSD,DDR4,A,"12""",No,555.0
3149,2018.0,8,512,HDD,DDR4,C,"12""",No,335.0
3150,2019.0,16,1024,SSD,DDR4,C,"12""",No,575.0
3151,2017.0,8,256,HDD,DDR4,C,"12""",No,375.0
3152,2017.0,32,512,HDD,DDR4,C,"15""",No,905.0
3153,2020.0,12,512,HDD,DDR4,C,"14""",No,525.0
3154,2020.0,8,256,HDD,DDR4,A,"14""",No,485.0
3155,2019.0,16,128,SSD,DDR4,C,"16""",No,595.0
3156,2018.0,4,256,SSD,DDR4,C,"14""",No,335.0
3157,2020.0,32,128,HDD,DDR4,C,"15""",No,965.0
3158,2022.0,8,256,HDD,DDR4,,"14""",No,485.0
3159,2022.0,16,256,SSD,DDR4,B,"16""",Yes,805.0
3160,2024.0,8,512,SSD,DDR4,A,"14""",No,505.0
3161,2019.0,16,256,SSD,DDR4,C,"16""",No,685.0
3162,2017.0,8,256,SSD,DDR4,C,"14""",No,415.0
3163,2017.0,32,512,SSD,DDR4,C,"15""",No,975.0
3164,2023.0,32,256,SSD,DDR4,A,"15""",No,1315.0
3165,2019.0,4,128,SSD,DDR4,C,"15""",No,315.0
3166,2017.0,4,256,SSD,DDR4,C,"15""",No,385.0
3167,2018.0,16,128,SSD,DDR4,C,"15""",No,745.0
3168,2020.0,16,512,SSD,DDR4,C,"15""",No,645.0
3169,2016.0,8,256,HDD,DDR4,C,"15""",No,435.0
3170,2022.0,16,512,SSD,DDR4,A,"15""",No,655.0
3171,2015.0,8,128,SSD,DDR3,C,"15""",No,355.0
3172,2022.0,8,1024,SSD,DDR4,B,"15""",No,445.0
3173,2018.0,8,120,HDD,DDR4,A,"14""",No,525.0
3174,2018.0,8,2000,SSD,DDR4,C,"15""",No,595.0
3175,2018.0,8,512,SSD,DDR4,C,"12""",No,425.0
3176,2019.0,8,256,SSD,DDR4,C,"15""",No,485.0
3177,2019.0,8,512,SSD,DDR4,A,"14""",No,475.0
3178,2018.0,8,1024,SSD,DDR4,C,"15""",No,475.0
3179,2020.0,32,512,SSD,DDR4,C,"16""",Yes,1105.0
3180,2021.0,8,120,SSD,DDR4,C,"15""",Yes,545.0
3181,2017.0,12,1024,SSD,DDR4,C,"12""",No,515.0
3182,2018.0,16,128,HDD,DDR4,C,"15""",No,635.0
3183,2019.0,8,1024,SSD,DDR4,A,"14""",No,475.0
3184,2023.0,8,256,HDD,DDR4,B,"15""",No,445.0
3185,2020.0,6,128,SSD,DDR4,C,"14""",No,385.0
3186,2018.0,4,256,SSD,DDR4,C,"15""",No,325.0
3187,2019.0,4,512,HDD,DDR4,C,"15""",No,305.0
3188,2023.0,6,256,SSD,DDR4,A,"15""",No,495.0
3189,2017.0,16,1024,HDD,DDR4,C,"15""",No,695.0
3190,2016.0,8,256,HDD,DDR4,C,"15""",No,435.0
3191,2018.0,4,512,SSD,DDR4,C,"14""",No,295.0
3192,2014.0,16,256,SSD,DDR3,C,"14""",No,495.0
3193,2021.0,8,256,SSD,DDR4,C,"14""",No,435.0
3194,2016.0,8,512,HDD,DDR4,A,"15""",No,475.0
3195,2022.0,4,256,SSD,DDR4,B,"16""",No,445.0
3196,2016.0,6,1024,SSD,DDR4,C,"12""",No,425.0
3197,2021.0,32,128,HDD,DDR4,C,"14""",No,985.0
3198,2020.0,4,512,HDD,DDR4,C,"14""",No,315.0
3199,2019.0,16,512,SSD,DDR4,C,"12""",No,535.0
3200,2016.0,8,1024,HDD,DDR4,A,"12""",No,505.0
3201,2017.0,8,2000,HDD,DDR4,C,"15""",No,485.0
3202,2020.0,32,512,SSD,DDR4,C,"14""",No,975.0
3203,2021.0,16,256,SSD,DDR4,C,"15""",No,675.0
3204,2021.0,6,256,SSD,DDR4,A,"12""",No,325.0
3205,2022.0,4,512,SSD,DDR4,B,"14""",No,335.0
3206,2018.0,4,512,SSD,DDR4,B,"12""",No,325.0
3207,2020.0,16,256,SSD,DDR4,A,"14""",No,665.0
3208,2018.0,16,512,HDD,DDR4,C,"14""",No,605.0
3209,2020.0,8,120,SSD,DDR4,C,"15""",No,465.0
3210,2017.0,8,256,HDD,DDR4,C,"15""",No,445.0
3211,2019.0,12,256,SSD,DDR4,C,"15""",No,615.0
3212,2020.0,8,120,SSD,DDR4,B,"15""",No,515.0
3213,2017.0,8,512,SSD,DDR4,C,"14""",No,435.0
3214,2019.0,32,2000,SSD,DDR4,C,"15""",No,1135.0
3215,2022.0,4,512,SSD,DDR4,,"12""",No,315.0
3216,2018.0,8,256,SSD,DDR4,C,"12""",No,435.0
3217,2020.0,16,512,SSD,DDR4,C,"15""",No,625.0
3218,2018.0,12,256,SSD,DDR4,C,"14""",No,495.0
3219,2021.0,6,512,SSD,DDR4,C,"12""",No,375.0
3220,2021.0,8,512,SSD,DDR4,B,"14""",No,425.0
3221,2021.0,8,256,SSD,DDR4,C,"14""",No,405.0
3222,2022.0,8,512,SSD,DDR4,A,"15""",Yes,505.0
3223,2019.0,8,256,SSD,DDR4,C,"14""",No,425.0
3224,2022.0,8,256,SSD,DDR4,C,"12""",No,435.0
3225,2018.0,8,128,SSD,DDR4,C,"12""",No,285.0
3226,2019.0,16,512,HDD,DDR4,C,"14""",No,605.0
3227,2017.0,8,256,HDD,DDR4,C,"15""",No,425.0
3228,2013.0,4,512,SSD,DDR3,C,"12""",No,235.0
3229,2018.0,8,128,SSD,DDR4,A,"14""",No,425.0
3230,2021.0,8,512,SSD,DDR4,A,"14""",Yes,515.0
3231,2021.0,8,512,SSD,DDR4,B,"15""",No,435.0
3232,2020.0,4,128,SSD,DDR4,B,"15""",No,345.0
3233,2020.0,8,1024,SSD,DDR4,A,"15""",No,585.0
3234,2015.0,12,256,HDD,DDR3,C,"12""",No,285.0
3235,2021.0,16,512,HDD,DDR4,C,"12""",No,585.0
3236,2017.0,16,1024,HDD,DDR4,A,"14""",No,655.0
3237,2020.0,16,128,SSD,DDR4,C,"15""",No,645.0
3238,2017.0,32,256,HDD,DDR4,B,"15""",No,1115.0
3239,2018.0,8,512,SSD,DDR4,C,"12""",No,365.0
3240,2020.0,4,128,SSD,DDR4,B,"14""",No,415.0
3241,2019.0,6,256,SSD,DDR4,C,"14""",No,395.0
3242,2021.0,6,1024,SSD,DDR4,B,"15""",No,525.0
3243,2019.0,16,256,HDD,DDR4,C,"14""",No,615.0
3244,2021.0,8,128,SSD,DDR4,A,"15""",Yes,585.0
3245,2021.0,32,512,SSD,DDR4,C,"15""",No,985.0
3246,2018.0,8,120,HDD,DDR4,C,"14""",No,415.0
3247,2022.0,4,256,HDD,DDR4,A,"14""",No,315.0
3248,,4,256,SSD,DDR4,A,"12""",No,345.0
3249,,8,256,SSD,DDR4,A,"12""",No,525.0
3250,2016.0,8,1024,HDD,DDR4,C,"15""",No,415.0
3251,2020.0,8,256,HDD,DDR4,C,"15""",Yes,435.0
3252,2019.0,16,128,SSD,DDR4,A,"12""",No,725.0
3253,2018.0,16,128,SSD,DDR4,C,"15""",No,735.0
3254,2022.0,32,512,SSD,DDR4,C,"15""",No,1255.0
3255,2018.0,32,512,SSD,DDR4,C,"15""",No,945.0
3256,2020.0,8,256,SSD,DDR4,C,"16""",No,455.0
3257,2022.0,8,1024,SSD,DDR4,A,"15""",Yes,725.0
3258,2016.0,16,256,HDD,DDR4,A,"14""",No,665.0
3259,2019.0,8,256,SSD,DDR4,C,"14""",No,445.0
3260,2019.0,32,256,SSD,DDR4,A,"16""",No,1335.0
3261,2023.0,4,256,HDD,DDR4,C,"15""",No,295.0
3262,2018.0,32,512,SSD,DDR4,C,"15""",No,965.0
3263,2020.0,4,512,SSD,DDR4,C,"12""",No,345.0
3264,2018.0,8,128,SSD,DDR4,C,"12""",No,295.0
3265,2021.0,8,512,SSD,DDR4,B,"15""",No,465.0
3266,2021.0,8,512,SSD,DDR4,A,"15""",No,585.0
3267,2019.0,6,128,HDD,DDR4,C,"16""",No,415.0
3268,2018.0,32,256,SSD,DDR4,A,"15""",No,1375.0
3269,2018.0,8,2000,HDD,DDR4,C,"15""",No,475.0
3270,2017.0,16,256,SSD,DDR4,C,"12""",No,645.0
3271,,4,512,SSD,DDR3,C,"12""",No,245.0
3272,2018.0,4,256,HDD,DDR4,C,"14""",No,325.0
3273,2018.0,16,512,SSD,DDR4,C,"12""",No,485.0
3274,2018.0,8,1024,SSD,DDR4,C,"12""",No,395.0
3275,2021.0,16,128,SSD,DDR4,B,"12""",No,645.0
3276,2020.0,4,512,HDD,DDR4,C,"12""",No,265.0
3277,2024.0,8,256,SSD,DDR4,A,"16""",No,475.0
3278,2020.0,6,256,SSD,DDR4,B,"12""",No,365.0
3279,2017.0,8,120,HDD,DDR4,C,"15""",No,415.0
3280,2019.0,16,120,SSD,DDR4,C,"14""",No,725.0
3281,2020.0,8,512,HDD,DDR4,,"12""",No,395.0
3282,2021.0,32,128,HDD,DDR4,A,"12""",No,945.0
3283,2023.0,16,512,SSD,DDR4,B,"14""",No,795.0
3284,2014.0,8,128,HDD,DDR3,C,"15""",No,365.0
3285,2020.0,32,120,SSD,DDR4,C,"15""",No,925.0
3286,2021.0,32,256,SSD,DDR4,A,"14""",No,1075.0
3287,2023.0,4,128,SSD,DDR4,C,"12""",No,275.0
3288,2020.0,32,256,SSD,DDR4,C,"12""",No,1015.0
3289,2021.0,4,120,HDD,DDR4,C,"14""",No,315.0
3290,2016.0,8,512,SSD,DDR4,C,"15""",No,455.0
3291,2022.0,16,128,SSD,DDR4,A,"16""",No,645.0
3292,2021.0,16,512,HDD,DDR4,C,"14""",No,615.0
3293,2021.0,4,512,SSD,DDR4,C,"14""",No,365.0
3294,2020.0,16,512,SSD,DDR4,A,"14""",No,655.0
3295,2015.0,4,2000,SSD,DDR3,C,"15""",No,355.0
3296,2018.0,16,120,SSD,DDR4,C,"15""",No,545.0
3297,2019.0,8,1024,SSD,DDR4,B,"12""",No,465.0
3298,2021.0,8,512,SSD,DDR4,A,"12""",Yes,635.0
3299,2019.0,8,512,SSD,DDR4,C,"12""",No,435.0
3300,2019.0,16,512,SSD,DDR4,B,"14""",No,625.0
3301,2020.0,8,256,HDD,DDR4,A,"14""",No,425.0
3302,2021.0,8,120,SSD,DDR4,B,"15""",No,415.0
3303,2020.0,16,1024,SSD,DDR4,A,"16""",No,825.0
3304,2019.0,16,512,SSD,DDR4,C,"14""",No,555.0
3305,2019.0,16,256,SSD,DDR4,C,"14""",No,665.0
3306,2017.0,16,256,SSD,DDR4,C,"14""",No,525.0
3307,2018.0,8,512,SSD,DDR4,C,"12""",No,405.0
3308,2020.0,4,1024,SSD,DDR4,C,"15""",No,345.0
3309,2021.0,12,256,HDD,DDR4,C,"12""",No,445.0
3310,2022.0,4,256,SSD,DDR4,A,"12""",No,315.0
3311,2018.0,6,512,HDD,DDR4,C,"15""",No,375.0
3312,2018.0,8,256,HDD,DDR4,A,"12""",No,465.0
3313,2014.0,8,256,HDD,DDR3,C,"14""",No,315.0
3314,2017.0,32,128,HDD,DDR4,B,"14""",No,845.0
3315,2021.0,8,256,SSD,DDR4,A,"15""",No,565.0
3316,2020.0,16,128,SSD,DDR4,B,"12""",Yes,675.0
3317,2021.0,32,2000,SSD,DDR4,C,"15""",No,1115.0
3318,2020.0,16,1024,SSD,DDR4,C,"15""",No,685.0
3319,2018.0,8,512,SSD,DDR4,C,"15""",No,445.0
3320,2017.0,12,512,HDD,DDR4,C,"15""",No,565.0
3321,2019.0,16,256,HDD,DDR4,A,"14""",No,785.0
3322,2018.0,16,256,SSD,DDR4,A,"15""",No,805.0
3323,2019.0,6,512,SSD,DDR4,C,"12""",No,355.0
3324,2021.0,16,120,SSD,DDR4,B,"14""",Yes,815.0
3325,2022.0,8,256,SSD,DDR4,B,"14""",No,445.0
3326,2019.0,16,1024,SSD,DDR4,C,"14""",No,545.0
3327,2021.0,8,128,SSD,DDR4,A,"12""",No,415.0
3328,2017.0,16,128,HDD,DDR4,C,"14""",No,585.0
3329,2017.0,16,128,HDD,DDR4,C,"15""",No,675.0
3330,2015.0,32,1024,HDD,DDR3,C,"15""",No,805.0
3331,2018.0,32,256,SSD,DDR4,C,"15""",No,885.0
3332,2022.0,16,128,SSD,DDR4,B,"12""",No,655.0
3333,2019.0,8,1024,SSD,DDR4,C,"15""",No,515.0
3334,2022.0,8,256,SSD,DDR4,A,"12""",No,515.0
3335,2021.0,4,256,SSD,DDR4,C,"12""",No,315.0
3336,2020.0,8,256,SSD,DDR4,B,"12""",No,385.0
3337,2017.0,8,256,HDD,DDR4,C,"14""",No,485.0
3338,2021.0,16,256,HDD,DDR4,C,"16""",No,755.0
3339,2015.0,4,256,SSD,DDR3,C,"14""",No,275.0
3340,2014.0,16,120,SSD,DDR3,C,"12""",No,425.0
3341,2018.0,32,1024,SSD,DDR4,A,"12""",No,935.0
3342,2021.0,16,512,HDD,DDR4,A,"14""",No,665.0
3343,2017.0,4,512,HDD,DDR4,C,"12""",No,255.0
3344,2020.0,4,256,HDD,DDR4,C,"15""",No,315.0
3345,2015.0,16,512,SSD,DDR3,A,"14""",No,475.0
3346,2018.0,8,256,SSD,DDR4,C,"12""",No,325.0
3347,2020.0,12,256,HDD,DDR4,C,"15""",No,585.0
3348,2021.0,8,256,HDD,DDR4,C,"16""",No,455.0
3349,2021.0,4,256,SSD,DDR4,B,"12""",No,335.0
3350,2017.0,16,1024,SSD,DDR4,C,"15""",No,585.0
3351,2014.0,8,1024,SSD,DDR3,C,"15""",No,465.0
3352,2020.0,32,1024,SSD,DDR4,A,"15""",No,1355.0
3353,2020.0,4,256,SSD,DDR4,C,"15""",No,345.0
3354,2019.0,8,256,HDD,DDR4,C,"12""",No,355.0
3355,2016.0,8,512,SSD,DDR4,C,"14""",No,435.0
3356,2023.0,4,120,SSD,DDR4,A,"12""",No,295.0
3357,2019.0,8,128,HDD,DDR4,A,"15""",No,555.0
3358,2020.0,16,512,HDD,DDR4,C,"12""",No,575.0
3359,2019.0,4,512,SSD,DDR4,A,"15""",No,415.0
3360,2020.0,12,512,SSD,DDR4,C,"16""",No,635.0
3361,2020.0,4,256,HDD,DDR4,A,"12""",No,345.0
3362,2018.0,32,1024,HDD,DDR4,C,"15""",No,1005.0
3363,2016.0,16,128,SSD,DDR4,C,"14""",No,665.0
3364,2015.0,32,256,SSD,DDR3,C,"14""",No,605.0
3365,2016.0,32,128,HDD,DDR4,C,"14""",No,815.0
3366,2020.0,6,120,SSD,DDR4,C,"12""",No,315.0
3367,2015.0,8,1024,HDD,DDR3,C,"12""",No,335.0
3368,2019.0,32,256,SSD,DDR4,C,"14""",No,1135.0
3369,2020.0,8,256,HDD,DDR4,C,"12""",No,385.0
3370,2020.0,8,512,HDD,DDR4,C,"14""",Yes,495.0
3371,2023.0,4,256,SSD,DDR4,A,"15""",No,375.0
3372,2020.0,16,256,SSD,DDR4,C,"15""",No,575.0
3373,2019.0,12,512,HDD,DDR4,C,"14""",No,585.0
3374,2018.0,16,512,SSD,DDR4,C,"15""",No,555.0
3375,2022.0,16,512,SSD,DDR4,C,"12""",No,515.0
3376,2020.0,4,1024,SSD,DDR4,A,"14""",No,415.0
3377,2021.0,8,2000,HDD,DDR4,A,"14""",No,545.0
3378,2015.0,16,128,HDD,DDR3,C,"14""",No,485.0
3379,2019.0,32,128,HDD,DDR4,C,"14""",No,745.0
3380,2018.0,6,128,SSD,DDR4,C,"15""",No,365.0
3381,2017.0,8,512,HDD,DDR4,C,"14""",No,465.0
3382,2021.0,16,512,SSD,DDR4,A,"12""",No,745.0
3383,2022.0,8,2000,SSD,DDR4,B,"12""",No,475.0
3384,2017.0,16,120,SSD,DDR4,C,"15""",No,645.0
3385,2019.0,32,256,SSD,DDR4,,"12""",No,955.0
3386,2020.0,16,512,SSD,DDR4,C,"12""",No,475.0
3387,2021.0,4,512,HDD,DDR4,B,"15""",No,345.0
3388,2019.0,4,256,SSD,DDR4,B,"15""",No,405.0
3389,2018.0,6,256,HDD,DDR4,C,"15""",No,335.0
3390,2022.0,16,128,SSD,DDR4,A,"15""",No,805.0
3391,2023.0,12,1024,SSD,DDR4,B,"15""",No,675.0
3392,2021.0,8,512,SSD,DDR4,,"15""",No,455.0
3393,2018.0,8,512,SSD,DDR4,C,"14""",No,475.0
3394,2016.0,8,512,HDD,DDR4,C,"14""",No,395.0
3395,2018.0,8,2000,SSD,DDR4,C,"15""",No,515.0
3396,2021.0,8,512,SSD,DDR4,A,"14""",No,495.0
3397,2017.0,8,128,HDD,DDR4,C,"15""",No,415.0
3398,2017.0,16,2000,HDD,DDR4,C,"12""",No,625.0
3399,2022.0,16,1024,SSD,DDR4,B,"15""",No,615.0
3400,2020.0,16,512,SSD,DDR4,C,"16""",No,645.0
3401,2021.0,16,512,SSD,DDR4,A,"16""",No,895.0
3402,2019.0,8,512,SSD,DDR4,C,"15""",No,455.0
3403,2017.0,16,256,SSD,DDR4,C,"15""",No,585.0
3404,2023.0,6,512,SSD,DDR4,B,"12""",No,425.0
3405,2018.0,32,512,SSD,DDR4,A,"14""",No,1235.0
3406,2022.0,4,128,SSD,DDR4,A,"15""",No,385.0
3407,2016.0,4,512,SSD,DDR4,C,"15""",No,405.0
3408,2019.0,12,128,SSD,DDR4,C,"14""",No,525.0
3409,2016.0,8,256,SSD,DDR4,C,"15""",No,465.0
3410,2019.0,32,512,HDD,DDR4,C,"16""",No,1015.0
3411,2017.0,8,512,SSD,DDR4,C,"15""",No,455.0
3412,2018.0,8,128,SSD,DDR4,C,"12""",No,375.0
3413,2018.0,8,120,SSD,DDR4,B,"15""",No,535.0
3414,2024.0,16,256,SSD,DDR4,A,"15""",No,805.0
3415,2020.0,4,128,SSD,DDR4,A,"15""",No,415.0
3416,2019.0,8,512,SSD,DDR4,A,"16""",No,655.0
3417,2018.0,12,1024,SSD,DDR4,C,"15""",No,535.0
3418,2022.0,8,1024,SSD,DDR4,B,"14""",No,535.0
3419,2018.0,4,256,SSD,DDR4,C,"14""",No,335.0
3420,2017.0,32,256,SSD,DDR4,B,"14""",No,1255.0
3421,2021.0,16,256,SSD,DDR4,A,"14""",Yes,745.0
3422,2021.0,8,512,SSD,DDR4,A,"14""",No,505.0
3423,2021.0,8,2000,SSD,DDR4,C,"12""",No,435.0
3424,2022.0,8,512,SSD,DDR4,A,"15""",No,585.0
3425,2019.0,8,256,SSD,DDR4,B,"14""",No,465.0
3426,2020.0,16,256,SSD,DDR4,A,"16""",Yes,885.0
3427,2017.0,4,512,SSD,DDR4,A,"15""",No,445.0
3428,2019.0,8,512,SSD,DDR4,C,"14""",No,395.0
3429,2018.0,12,1024,SSD,DDR4,C,"12""",No,485.0
3430,2022.0,8,512,HDD,DDR4,A,"15""",No,535.0
3431,2016.0,8,512,SSD,DDR4,C,"12""",No,405.0
3432,2021.0,4,256,HDD,DDR4,B,"14""",No,385.0
3433,,4,256,SSD,DDR4,C,"14""",No,285.0
3434,2019.0,32,512,SSD,DDR4,C,"14""",No,935.0
3435,2020.0,16,120,SSD,DDR4,A,"15""",No,745.0
3436,2019.0,32,128,SSD,DDR4,C,"14""",No,855.0
3437,2019.0,16,256,HDD,DDR4,C,"15""",No,735.0
3438,2019.0,4,512,SSD,DDR4,A,"16""",No,485.0
3439,2021.0,16,256,SSD,DDR4,A,"14""",No,775.0
3440,2021.0,16,256,SSD,DDR4,C,"12""",No,455.0
3441,2015.0,8,2000,HDD,DDR3,C,"12""",No,335.0
3442,2020.0,8,512,HDD,DDR4,A,"15""",No,445.0
3443,2022.0,8,512,SSD,DDR4,B,"14""",No,505.0
3444,2019.0,8,256,SSD,DDR4,C,"15""",No,355.0
3445,2020.0,16,256,SSD,DDR4,A,"12""",No,655.0
3446,2020.0,8,128,SSD,DDR4,A,"14""",No,465.0
3447,2021.0,16,256,HDD,DDR4,C,"14""",No,585.0
3448,2016.0,16,120,HDD,DDR4,C,"15""",No,575.0
3449,2018.0,4,120,SSD,DDR4,C,"15""",No,295.0
3450,2019.0,8,128,SSD,DDR4,C,"15""",No,405.0
3451,2020.0,16,512,SSD,DDR4,C,"15""",No,625.0
3452,2019.0,6,256,HDD,DDR4,C,"15""",No,375.0
3453,2016.0,4,256,SSD,DDR4,C,"15""",No,335.0
3454,2020.0,32,512,SSD,DDR4,C,"16""",No,1115.0
3455,2019.0,8,256,SSD,DDR4,A,"12""",No,415.0
3456,2018.0,8,256,HDD,DDR4,C,"14""",No,345.0
3457,2022.0,16,256,SSD,DDR4,A,"15""",No,765.0
3458,2018.0,32,120,SSD,DDR4,C,"14""",No,1145.0
3459,2020.0,16,512,SSD,DDR4,C,"14""",No,595.0
3460,2020.0,16,128,HDD,DDR4,A,"14""",No,755.0
3461,2023.0,8,512,SSD,DDR4,B,"14""",No,465.0
3462,2021.0,4,512,SSD,DDR4,C,"14""",No,365.0
3463,2020.0,32,256,SSD,DDR4,C,"14""",No,965.0
3464,2021.0,4,256,SSD,DDR4,A,"14""",No,425.0
3465,2017.0,16,256,SSD,DDR4,C,"15""",No,565.0
3466,2020.0,6,120,SSD,DDR4,C,"12""",No,305.0
3467,2017.0,16,256,SSD,DDR4,A,"15""",No,705.0
3468,2015.0,32,120,SSD,DDR3,C,"14""",No,665.0
3469,2018.0,4,256,SSD,DDR4,A,"14""",No,355.0
3470,2020.0,6,512,HDD,DDR4,A,"16""",No,435.0
3471,2019.0,8,120,SSD,DDR4,C,"15""",No,425.0
3472,2017.0,16,512,HDD,DDR4,C,"14""",No,525.0
3473,2017.0,8,512,HDD,DDR4,C,"12""",No,315.0
3474,2017.0,8,128,HDD,DDR4,C,"15""",No,405.0
3475,2021.0,8,512,SSD,DDR4,C,"14""",No,475.0
3476,2017.0,8,256,SSD,DDR4,C,"12""",No,335.0
3477,2022.0,32,256,HDD,DDR4,B,"15""",No,1185.0
3478,2022.0,16,512,HDD,DDR4,A,"15""",No,645.0
3479,2019.0,16,256,SSD,DDR4,C,"12""",No,635.0
3480,2019.0,6,256,SSD,DDR4,A,"14""",No,405.0
3481,2021.0,16,512,SSD,DDR4,C,"15""",No,635.0
3482,2024.0,8,256,SSD,DDR4,A,"14""",No,545.0
3483,2021.0,16,256,HDD,DDR4,A,"12""",No,665.0
3484,2020.0,8,512,SSD,DDR4,C,"12""",No,465.0
3485,2017.0,8,512,HDD,DDR4,C,"12""",No,445.0
3486,2021.0,4,256,SSD,DDR4,C,"14""",No,315.0
3487,2019.0,6,1024,SSD,DDR4,C,"15""",No,505.0
3488,2016.0,12,256,HDD,DDR4,C,"12""",No,485.0
3489,2023.0,12,1024,SSD,DDR4,C,"16""",No,625.0
3490,2021.0,8,512,HDD,DDR4,C,"15""",No,405.0
3491,2019.0,8,512,HDD,DDR4,A,"12""",No,515.0
3492,2021.0,8,256,HDD,DDR4,C,"14""",No,395.0
3493,2021.0,4,128,SSD,DDR4,C,"12""",No,315.0
3494,2020.0,16,512,SSD,DDR4,B,"15""",No,655.0
3495,2017.0,8,512,HDD,DDR4,A,"15""",No,535.0
3496,2019.0,4,256,SSD,DDR4,C,"15""",No,385.0
3497,2017.0,8,2000,HDD,DDR4,B,"14""",No,475.0
3498,2024.0,8,256,SSD,DDR4,A,"15""",No,485.0
3499,2016.0,8,512,HDD,DDR4,C,"14""",No,375.0
3500,2022.0,8,512,SSD,DDR4,B,"12""",Yes,575.0
3501,2017.0,16,128,SSD,DDR4,A,"14""",No,555.0
3502,2022.0,32,128,SSD,DDR4,B,"15""",No,1045.0
3503,2021.0,8,512,SSD,DDR4,A,"16""",No,605.0
3504,2019.0,16,1024,SSD,DDR4,A,"15""",No,845.0
3505,2017.0,8,512,HDD,DDR4,C,"12""",No,435.0
3506,2018.0,8,256,SSD,DDR4,C,"15""",No,495.0
3507,2022.0,32,256,HDD,DDR4,A,"12""",No,1015.0
3508,2021.0,8,1024,SSD,DDR4,C,"14""",Yes,535.0
3509,2016.0,4,512,SSD,DDR4,C,"12""",No,325.0
3510,2018.0,8,256,SSD,DDR4,C,"14""",No,415.0
3511,2015.0,6,2000,SSD,DDR3,C,"14""",No,365.0
3512,2021.0,8,256,HDD,DDR4,C,"15""",No,425.0
3513,2021.0,8,1024,SSD,DDR4,C,"15""",No,505.0
3514,2021.0,8,128,SSD,DDR4,C,"16""",No,435.0
3515,2021.0,8,512,SSD,DDR4,A,"12""",No,495.0
3516,2019.0,8,256,SSD,DDR4,A,"14""",No,495.0
3517,2019.0,32,256,SSD,DDR4,A,"14""",No,1245.0
3518,2018.0,8,2000,SSD,DDR4,C,"15""",No,515.0
3519,2017.0,16,128,HDD,DDR4,C,"12""",No,555.0
3520,2019.0,8,2000,HDD,DDR4,B,"15""",No,565.0
3521,2018.0,16,256,SSD,DDR4,C,"15""",No,575.0
3522,2018.0,32,2000,SSD,DDR4,,"14""",No,1205.0
3523,2017.0,16,128,HDD,DDR4,C,"12""",No,525.0
3524,2017.0,16,256,HDD,DDR4,,"14""",No,705.0
3525,2022.0,4,128,SSD,DDR4,,"16""",No,385.0
3526,2017.0,16,512,SSD,DDR4,B,"12""",No,595.0
3527,2019.0,8,512,SSD,DDR4,A,"12""",No,435.0
3528,2017.0,8,1024,HDD,DDR4,B,"15""",No,535.0
3529,2020.0,16,256,SSD,DDR4,A,"14""",No,565.0
3530,2020.0,8,512,HDD,DDR4,A,"14""",No,505.0
3531,2021.0,8,512,HDD,DDR4,C,"14""",Yes,435.0
3532,2016.0,8,2000,SSD,DDR4,C,"12""",No,475.0
3533,,8,128,SSD,DDR4,B,"15""",No,425.0
3534,2022.0,32,256,SSD,DDR4,B,"12""",No,1145.0
3535,2017.0,16,256,HDD,DDR4,C,"15""",No,565.0
3536,2019.0,12,1024,SSD,DDR4,C,"12""",No,505.0
3537,2018.0,4,256,SSD,DDR4,C,"14""",No,385.0
3538,2017.0,6,1024,SSD,DDR4,C,"15""",No,375.0
3539,2020.0,16,256,SSD,DDR4,A,"15""",Yes,795.0
3540,2020.0,16,512,SSD,DDR4,C,"12""",No,635.0
3541,2016.0,32,1024,SSD,DDR4,C,"14""",No,885.0
3542,2021.0,8,128,SSD,DDR4,B,"15""",Yes,605.0
3543,2023.0,8,256,SSD,DDR4,A,"14""",No,545.0
3544,2018.0,16,256,HDD,DDR4,C,"12""",No,485.0
3545,2022.0,4,512,SSD,DDR4,A,"12""",No,355.0
3546,2022.0,8,512,SSD,DDR4,A,"14""",No,475.0
3547,2022.0,8,256,SSD,DDR4,,"15""",No,495.0
3548,2019.0,16,256,HDD,DDR4,A,"15""",No,765.0
3549,2017.0,16,512,HDD,DDR4,A,"12""",No,775.0
3550,2017.0,32,512,HDD,DDR4,C,"15""",No,985.0
3551,2015.0,16,256,HDD,DDR3,C,"15""",No,435.0
3552,2018.0,16,1024,SSD,DDR4,C,"14""",No,625.0
3553,2018.0,8,512,SSD,DDR4,B,"12""",No,435.0
3554,2019.0,8,256,SSD,DDR4,C,"16""",No,485.0
3555,2019.0,8,512,SSD,DDR4,C,"16""",No,465.0
3556,2019.0,8,128,HDD,DDR4,B,"12""",No,345.0
3557,2019.0,4,1024,HDD,DDR4,C,"12""",No,345.0
3558,2017.0,8,256,HDD,DDR4,C,"14""",No,365.0
3559,2017.0,8,512,SSD,DDR4,C,"14""",No,455.0
3560,2020.0,4,128,HDD,DDR4,A,"14""",No,345.0
3561,2018.0,12,256,SSD,DDR4,C,"15""",No,515.0
3562,2019.0,12,120,SSD,DDR4,C,"15""",No,505.0
3563,2021.0,32,512,HDD,DDR4,B,"15""",Yes,1055.0
3564,2017.0,8,2000,HDD,DDR4,C,"12""",No,385.0
3565,2022.0,8,512,SSD,DDR4,A,"14""",No,545.0
3566,2019.0,16,512,HDD,DDR4,A,"12""",No,755.0
3567,2018.0,8,256,SSD,DDR4,C,"15""",No,455.0
3568,2016.0,16,256,HDD,DDR4,C,"15""",No,645.0
3569,2017.0,32,1024,SSD,DDR4,B,"15""",No,1375.0
3570,2017.0,16,128,HDD,DDR4,C,"15""",No,505.0
3571,2020.0,8,512,SSD,DDR4,A,"14""",No,565.0
3572,2016.0,8,256,HDD,DDR4,C,"15""",No,455.0
3573,2020.0,32,256,SSD,DDR4,C,"12""",No,1085.0
3574,2013.0,8,256,HDD,DDR3,C,"12""",No,285.0
3575,2020.0,16,256,SSD,DDR4,A,"15""",No,745.0
3576,2018.0,16,256,SSD,DDR4,C,"15""",No,495.0
3577,2018.0,16,256,SSD,DDR4,C,"15""",No,595.0
3578,2017.0,16,120,SSD,DDR4,C,"15""",No,535.0
3579,2021.0,8,512,SSD,DDR4,C,"14""",No,395.0
3580,2017.0,12,256,HDD,DDR4,C,"14""",No,405.0
3581,2022.0,4,512,SSD,DDR4,B,"14""",No,415.0
3582,2016.0,32,256,SSD,DDR4,C,"14""",No,905.0
3583,2018.0,4,256,SSD,DDR4,C,"14""",No,355.0
3584,2018.0,16,512,SSD,DDR4,C,"12""",No,625.0
3585,2016.0,16,256,HDD,DDR4,C,"15""",No,635.0
3586,2015.0,8,256,HDD,DDR3,C,"12""",No,255.0
3587,2017.0,8,256,SSD,DDR4,C,"14""",No,375.0
3588,2020.0,8,256,SSD,DDR4,B,"12""",No,445.0
3589,2019.0,8,512,HDD,DDR4,B,"15""",No,495.0
3590,2022.0,4,256,HDD,DDR4,C,"15""",No,345.0
3591,2020.0,32,512,SSD,DDR4,A,"14""",No,1175.0
3592,2020.0,16,512,SSD,DDR4,C,"14""",No,555.0
3593,2021.0,16,512,SSD,DDR4,,"15""",No,605.0
3594,2019.0,8,512,HDD,DDR4,C,"16""",No,465.0
3595,2021.0,4,512,SSD,DDR4,A,"12""",No,325.0
3596,2019.0,8,128,HDD,DDR4,C,"15""",No,455.0
3597,2020.0,8,512,SSD,DDR4,C,"16""",No,455.0
3598,2023.0,16,120,SSD,DDR4,B,"15""",Yes,735.0
3599,2016.0,32,512,HDD,DDR4,C,"12""",No,1055.0
3600,2018.0,32,256,SSD,DDR4,A,"14""",No,1365.0
3601,2020.0,8,128,HDD,DDR4,B,"14""",No,495.0
3602,2019.0,4,256,SSD,DDR4,A,"12""",No,375.0
3603,2020.0,16,256,SSD,DDR4,A,"12""",No,675.0
3604,2017.0,8,512,HDD,DDR4,B,"14""",No,475.0
3605,2020.0,4,128,SSD,DDR4,C,"15""",No,375.0
3606,2022.0,4,512,HDD,DDR4,A,"16""",No,385.0
3607,2021.0,16,512,SSD,DDR4,A,"12""",No,705.0
3608,2022.0,16,512,SSD,DDR4,C,"15""",No,675.0
3609,2016.0,8,256,HDD,DDR4,C,"15""",No,485.0
3610,2022.0,8,256,SSD,DDR4,A,"14""",No,515.0
3611,2017.0,4,256,SSD,DDR4,A,"14""",No,425.0
3612,2017.0,16,128,SSD,DDR4,C,"15""",No,555.0
3613,2020.0,8,256,SSD,DDR4,C,"14""",No,465.0
3614,2017.0,8,256,SSD,DDR4,,"15""",No,385.0
3615,2021.0,8,512,SSD,DDR4,C,"15""",No,465.0
3616,2017.0,8,2000,SSD,DDR4,C,"14""",No,525.0
3617,2018.0,4,2000,SSD,DDR4,C,"14""",No,385.0
3618,2020.0,12,512,SSD,DDR4,C,"14""",No,475.0
3619,2020.0,16,512,SSD,DDR4,C,"16""",No,615.0
3620,2020.0,16,512,SSD,DDR4,A,"14""",No,795.0
3621,2018.0,32,512,HDD,DDR4,A,"15""",No,1305.0
3622,2017.0,8,256,SSD,DDR4,C,"15""",No,405.0
3623,2020.0,32,128,HDD,DDR4,C,"16""",No,1185.0
3624,2020.0,16,256,HDD,DDR4,A,"14""",Yes,655.0
3625,2018.0,8,120,SSD,DDR4,C,"14""",No,385.0
3626,2019.0,8,128,SSD,DDR4,C,"16""",No,395.0
3627,2018.0,6,512,SSD,DDR4,C,"14""",No,435.0
3628,2018.0,16,128,SSD,DDR4,C,"15""",No,595.0
3629,2019.0,16,256,SSD,DDR4,B,"15""",No,695.0
3630,2017.0,16,256,HDD,DDR4,C,"15""",No,615.0
3631,2019.0,8,256,SSD,DDR4,B,"15""",No,475.0
3632,2017.0,16,128,SSD,DDR4,C,"12""",No,625.0
3633,2017.0,16,128,SSD,DDR4,A,"15""",No,705.0
3634,2015.0,8,512,HDD,DDR3,C,"15""",No,375.0
3635,2017.0,16,256,SSD,DDR4,C,"12""",No,555.0
3636,2019.0,32,120,SSD,DDR4,A,"12""",No,1245.0
3637,2021.0,8,512,SSD,DDR4,C,"12""",No,325.0
3638,2019.0,32,512,SSD,DDR4,B,"15""",No,985.0
3639,2022.0,12,1024,SSD,DDR4,C,"12""",No,485.0
3640,2020.0,32,128,SSD,DDR4,C,"12""",No,1085.0
3641,2018.0,16,2000,SSD,DDR4,C,"12""",No,695.0
3642,2021.0,4,256,SSD,DDR4,B,"12""",No,305.0
3643,2019.0,16,512,SSD,DDR4,A,"15""",No,695.0
3644,2019.0,8,1024,HDD,DDR4,B,"15""",No,445.0
3645,2017.0,6,2000,HDD,DDR4,C,"12""",No,405.0
3646,2017.0,8,256,HDD,DDR4,C,"14""",No,375.0
3647,2015.0,16,128,HDD,DDR3,C,"15""",No,495.0
3648,2020.0,8,128,HDD,DDR4,C,"14""",No,345.0
3649,2018.0,8,1024,SSD,DDR4,C,"14""",No,485.0
3650,2019.0,32,256,HDD,DDR4,C,"15""",No,995.0
3651,2019.0,8,256,SSD,DDR4,C,"14""",No,415.0
3652,2018.0,4,256,SSD,DDR4,B,"12""",No,325.0
3653,2015.0,12,256,SSD,DDR3,C,"15""",No,425.0
3654,2021.0,8,512,SSD,DDR4,C,"14""",No,465.0
3655,2019.0,8,128,SSD,DDR4,C,"14""",No,385.0
3656,2017.0,32,512,HDD,DDR4,C,"15""",No,915.0
3657,2019.0,16,512,HDD,DDR4,C,"15""",No,575.0
3658,2018.0,12,512,SSD,DDR4,B,"14""",No,605.0
3659,2020.0,16,1024,SSD,DDR4,C,"14""",No,585.0
3660,2020.0,4,128,SSD,DDR4,C,"15""",No,365.0
3661,2019.0,8,1024,HDD,DDR4,C,"15""",No,455.0
3662,2022.0,8,512,SSD,DDR4,C,"15""",No,485.0
3663,2019.0,16,1024,SSD,DDR4,C,"15""",No,705.0
3664,2016.0,16,256,HDD,DDR4,C,"12""",No,475.0
3665,2018.0,4,512,SSD,DDR4,B,"14""",No,335.0
3666,,8,128,SSD,DDR4,A,"15""",No,545.0
3667,2019.0,16,256,SSD,DDR4,C,"16""",No,605.0
3668,2019.0,8,256,HDD,DDR4,C,"14""",No,395.0
3669,2019.0,4,512,SSD,DDR4,C,"12""",No,295.0
3670,2017.0,32,128,SSD,DDR4,C,"12""",No,905.0
3671,2021.0,8,512,SSD,DDR4,B,"14""",No,455.0
3672,2016.0,4,512,SSD,DDR4,C,"14""",No,375.0
3673,2018.0,16,512,SSD,DDR4,C,"15""",No,675.0
3674,2014.0,16,512,HDD,DDR3,C,"15""",No,515.0
3675,2016.0,4,512,SSD,DDR4,C,"15""",No,345.0
3676,2018.0,16,128,SSD,DDR4,C,"15""",No,705.0
3677,2021.0,8,128,SSD,DDR4,B,"16""",No,475.0
3678,2020.0,8,512,HDD,DDR4,,"15""",No,595.0
3679,2019.0,16,1024,SSD,DDR4,B,"12""",No,715.0
3680,2021.0,6,512,SSD,DDR4,A,"12""",No,435.0
3681,2021.0,4,1024,SSD,DDR4,C,"14""",No,365.0
3682,2020.0,6,512,HDD,DDR4,A,"15""",No,465.0
3683,2020.0,8,256,SSD,DDR4,C,"15""",Yes,525.0
3684,2022.0,8,512,SSD,DDR4,A,"14""",No,615.0
3685,2020.0,8,512,HDD,DDR4,A,"15""",No,525.0
3686,2022.0,8,120,SSD,DDR4,A,"14""",No,475.0
3687,2021.0,8,1024,SSD,DDR4,C,"15""",No,515.0
3688,2018.0,8,512,SSD,DDR4,A,"12""",No,555.0
3689,2021.0,4,1024,HDD,DDR4,C,"12""",No,275.0
3690,2019.0,8,1024,SSD,DDR4,B,"15""",No,535.0
3691,2020.0,32,120,SSD,DDR4,C,"15""",No,1105.0
3692,2021.0,8,256,SSD,DDR4,A,"15""",Yes,645.0
3693,2020.0,16,256,SSD,DDR4,,"15""",No,665.0
3694,2019.0,16,256,SSD,DDR4,A,"14""",No,715.0
3695,2017.0,32,256,SSD,DDR4,C,"12""",No,1025.0
3696,2021.0,4,512,SSD,DDR4,C,"14""",No,305.0
3697,2015.0,4,256,HDD,DDR3,C,"12""",No,225.0
3698,2017.0,8,256,SSD,DDR4,,"12""",No,365.0
3699,2020.0,8,256,SSD,DDR4,A,"12""",No,395.0
3700,2017.0,16,128,HDD,DDR4,C,"14""",No,525.0
3701,2021.0,32,512,SSD,DDR4,A,"16""",No,1185.0
3702,2019.0,8,2000,SSD,DDR4,A,"15""",No,655.0
3703,2021.0,4,512,SSD,DDR4,C,"15""",No,435.0
3704,2019.0,8,128,SSD,DDR4,B,"14""",No,465.0
3705,2021.0,8,120,SSD,DDR4,B,"12""",Yes,385.0
3706,2021.0,16,128,SSD,DDR4,C,"16""",No,645.0
3707,2018.0,16,256,SSD,DDR4,C,"14""",No,625.0
3708,2020.0,16,256,HDD,DDR4,C,"12""",No,595.0
3709,2018.0,8,512,SSD,DDR4,C,"15""",No,465.0
3710,2018.0,32,128,HDD,DDR4,B,"14""",No,915.0
3711,2021.0,4,256,SSD,DDR4,C,"15""",No,375.0
3712,2017.0,32,128,HDD,DDR4,C,"14""",No,1045.0
3713,2019.0,8,128,SSD,DDR4,C,"15""",No,485.0
3714,2020.0,8,1024,HDD,DDR4,B,"14""",No,445.0
3715,2018.0,16,512,SSD,DDR4,C,"12""",No,495.0
3716,2020.0,6,512,SSD,DDR4,B,"14""",No,495.0
3717,2018.0,8,512,SSD,DDR4,A,"14""",No,525.0
3718,2019.0,12,128,SSD,DDR4,A,"14""",No,595.0
3719,2021.0,6,256,HDD,DDR4,C,"15""",No,365.0
3720,2022.0,8,256,HDD,DDR4,C,"15""",No,455.0
3721,2022.0,12,256,HDD,DDR4,A,"15""",Yes,705.0
3722,2018.0,4,1024,SSD,DDR4,C,"14""",No,335.0
3723,2020.0,32,256,SSD,DDR4,C,"14""",Yes,1215.0
3724,2017.0,32,128,SSD,DDR4,A,"14""",No,1285.0
3725,2017.0,8,256,HDD,DDR4,C,"14""",No,405.0
3726,2021.0,16,256,SSD,DDR4,C,"15""",No,665.0
3727,2016.0,8,1024,SSD,DDR4,C,"14""",No,465.0
3728,2018.0,8,128,SSD,DDR4,A,"15""",No,425.0
3729,2018.0,8,256,SSD,DDR4,C,"12""",No,385.0
3730,2017.0,6,128,HDD,DDR4,A,"15""",No,385.0
3731,2018.0,6,512,SSD,DDR4,C,"12""",No,315.0
3732,2020.0,16,512,SSD,DDR4,C,"14""",No,555.0
3733,2015.0,4,120,SSD,DDR3,C,"12""",No,275.0
3734,2018.0,8,128,HDD,DDR4,C,"15""",No,395.0
3735,2019.0,6,128,SSD,DDR4,A,"14""",No,415.0
3736,2017.0,8,256,SSD,DDR4,C,"15""",No,475.0
3737,2018.0,8,512,HDD,DDR4,C,"15""",No,455.0
3738,2018.0,8,256,HDD,DDR4,C,"15""",No,455.0
3739,2017.0,16,256,HDD,DDR4,C,"14""",No,575.0
3740,2018.0,16,512,SSD,DDR4,C,"12""",No,685.0
3741,2019.0,32,2000,SSD,DDR4,C,"14""",No,1135.0
3742,2020.0,8,512,SSD,DDR4,A,"14""",No,575.0
3743,2018.0,4,512,SSD,DDR4,B,"15""",No,395.0
3744,2016.0,8,2000,SSD,DDR4,C,"14""",No,465.0
3745,2017.0,32,512,SSD,DDR4,A,"14""",No,995.0
3746,2023.0,6,256,SSD,DDR4,A,"12""",No,395.0
3747,2020.0,16,256,HDD,DDR4,C,"16""",No,555.0
3748,2020.0,6,512,SSD,DDR4,,"12""",No,365.0
3749,2021.0,16,512,SSD,DDR4,C,"12""",Yes,625.0
3750,2020.0,16,1024,SSD,DDR4,A,"12""",No,835.0
3751,,16,1024,HDD,DDR4,C,"12""",No,555.0
3752,2019.0,8,2000,HDD,DDR4,C,"14""",No,415.0
3753,2020.0,32,128,SSD,DDR4,C,"12""",No,875.0
3754,2019.0,4,256,SSD,DDR4,C,"14""",No,395.0
3755,2015.0,8,512,HDD,DDR3,C,"15""",No,415.0
3756,2019.0,16,512,SSD,DDR4,C,"12""",No,655.0
3757,2018.0,4,1024,SSD,DDR4,C,"14""",No,405.0
3758,2022.0,32,512,SSD,DDR4,C,"15""",No,975.0
3759,2017.0,4,512,HDD,DDR4,C,"12""",No,305.0
3760,2021.0,8,128,HDD,DDR4,A,"15""",No,545.0
3761,2018.0,8,2000,HDD,DDR4,B,"15""",No,555.0
3762,2018.0,8,128,SSD,DDR4,C,"14""",No,395.0
3763,2019.0,16,120,SSD,DDR4,B,"14""",No,615.0
3764,2018.0,4,256,HDD,DDR4,A,"15""",No,355.0
3765,2022.0,16,512,SSD,DDR4,B,"14""",Yes,775.0
3766,2016.0,8,128,SSD,DDR4,A,"15""",No,495.0
3767,2019.0,8,256,SSD,DDR4,C,"14""",No,365.0
3768,2016.0,16,512,SSD,DDR4,C,"14""",No,675.0
3769,2020.0,8,128,SSD,DDR4,B,"16""",No,565.0
3770,2022.0,8,120,SSD,DDR4,A,"15""",No,545.0
3771,2020.0,8,128,SSD,DDR4,C,"14""",No,355.0
3772,2017.0,8,256,SSD,DDR4,C,"14""",No,415.0
3773,2019.0,8,256,SSD,DDR4,C,"12""",No,375.0
3774,2018.0,8,256,SSD,DDR4,C,"14""",No,435.0
3775,2018.0,8,256,HDD,DDR4,C,"15""",No,425.0
3776,2017.0,8,256,HDD,DDR4,C,"15""",No,475.0
3777,2019.0,8,256,SSD,DDR4,C,"15""",No,375.0
3778,2017.0,12,128,HDD,DDR4,C,"15""",No,505.0
3779,2016.0,6,512,SSD,DDR4,A,"15""",No,505.0
3780,2016.0,16,512,HDD,DDR4,B,"12""",No,595.0
3781,2022.0,8,256,SSD,DDR4,A,"14""",Yes,675.0
3782,2020.0,4,256,SSD,DDR4,C,"15""",No,325.0
3783,2017.0,16,1024,HDD,DDR4,B,"15""",No,565.0
3784,2017.0,16,1024,SSD,DDR4,C,"12""",No,575.0
3785,2021.0,32,512,SSD,DDR4,A,"15""",Yes,1365.0
3786,2018.0,4,512,SSD,DDR4,C,"15""",No,435.0
3787,2019.0,8,256,HDD,DDR4,B,"14""",No,375.0
3788,2019.0,4,256,SSD,DDR4,C,"14""",No,355.0
3789,2017.0,4,128,SSD,DDR4,C,"15""",No,365.0
3790,2021.0,32,256,SSD,DDR4,A,"15""",No,1075.0
3791,2017.0,32,512,SSD,DDR4,C,"14""",No,985.0
3792,2017.0,12,256,HDD,DDR4,C,"15""",No,565.0
3793,2021.0,8,120,SSD,DDR4,C,"15""",No,475.0
3794,2021.0,8,256,HDD,DDR4,A,"14""",Yes,575.0
3795,2021.0,32,512,SSD,DDR4,B,"14""",No,915.0
3796,2020.0,16,512,HDD,DDR4,C,"16""",No,575.0
3797,2021.0,8,256,SSD,DDR4,C,"14""",No,435.0
3798,2017.0,8,256,SSD,DDR4,C,"15""",No,495.0
3799,2020.0,8,256,SSD,DDR4,A,"15""",No,495.0
3800,2019.0,8,512,SSD,DDR4,B,"14""",No,475.0
3801,2016.0,16,512,SSD,DDR4,C,"12""",No,545.0
3802,2020.0,12,512,HDD,DDR4,A,"12""",No,515.0
3803,2018.0,32,512,SSD,DDR4,A,"15""",No,1035.0
3804,2021.0,6,256,SSD,DDR4,C,"14""",No,405.0
3805,2016.0,16,128,HDD,DDR4,C,"14""",No,565.0
3806,2021.0,16,2000,SSD,DDR4,A,"12""",No,765.0
3807,2016.0,4,1024,HDD,DDR4,A,"14""",No,365.0
3808,2019.0,4,128,SSD,DDR4,C,"14""",No,335.0
3809,2019.0,8,256,SSD,DDR4,B,"12""",No,395.0
3810,2018.0,8,256,SSD,DDR4,B,"14""",No,465.0
3811,2016.0,16,256,SSD,DDR4,C,"14""",No,635.0
3812,2020.0,16,256,SSD,DDR4,B,"15""",No,725.0
3813,2022.0,8,2000,SSD,DDR4,B,"14""",Yes,585.0
3814,2020.0,8,512,SSD,DDR4,C,"12""",No,395.0
3815,2020.0,4,2000,SSD,DDR4,A,"15""",No,475.0
3816,2020.0,8,120,HDD,DDR4,C,"12""",No,395.0
3817,2018.0,32,256,SSD,DDR4,A,"15""",No,1095.0
3818,2022.0,8,256,HDD,DDR4,C,"14""",No,355.0
3819,2020.0,6,256,SSD,DDR4,A,"14""",No,455.0
3820,2018.0,32,128,SSD,DDR4,C,"14""",No,1115.0
3821,2016.0,12,1024,HDD,DDR4,C,"14""",No,535.0
3822,2016.0,8,128,HDD,DDR4,C,"15""",No,425.0
3823,2020.0,4,1024,SSD,DDR4,C,"12""",No,335.0
3824,2022.0,8,512,SSD,DDR4,A,"15""",No,585.0
3825,2018.0,16,128,HDD,DDR4,C,"15""",No,585.0
3826,2019.0,4,512,HDD,DDR4,A,"15""",No,405.0
3827,2023.0,12,256,HDD,DDR4,A,"15""",Yes,775.0
3828,2022.0,6,256,SSD,DDR4,C,"14""",No,395.0
3829,2020.0,4,512,SSD,DDR4,C,"15""",No,405.0
3830,2022.0,8,256,SSD,DDR4,A,"15""",No,485.0
3831,2019.0,8,256,SSD,DDR4,A,"15""",No,515.0
3832,2021.0,4,512,HDD,DDR4,C,"12""",No,325.0
3833,2024.0,16,512,SSD,DDR4,B,"12""",No,625.0
3834,2019.0,16,512,SSD,DDR4,C,"15""",No,585.0
3835,2017.0,8,1024,HDD,DDR4,C,"14""",No,415.0
3836,2023.0,8,1024,HDD,DDR4,C,"15""",No,405.0
3837,2021.0,8,256,SSD,DDR4,C,"14""",Yes,415.0
3838,2019.0,8,256,HDD,DDR4,B,"15""",No,475.0
3839,2017.0,6,2000,HDD,DDR4,C,"15""",No,485.0
3840,2018.0,4,128,HDD,DDR4,C,"14""",No,355.0
3841,2018.0,12,256,SSD,DDR4,B,"12""",No,465.0
3842,2018.0,16,128,HDD,DDR4,C,"14""",No,625.0
3843,2020.0,32,256,SSD,DDR4,C,"14""",No,775.0
3844,2022.0,16,512,SSD,DDR4,A,"15""",No,815.0
3845,,6,512,HDD,DDR4,,"15""",No,405.0
3846,2016.0,8,512,HDD,DDR4,C,"15""",No,465.0
3847,2022.0,16,2000,HDD,DDR4,B,"15""",No,685.0
3848,2020.0,8,1024,SSD,DDR4,A,"16""",Yes,615.0
3849,2016.0,32,128,HDD,DDR4,C,"14""",No,1095.0
3850,2019.0,32,256,SSD,DDR4,A,"14""",No,1205.0
3851,2019.0,8,1024,SSD,DDR4,C,"14""",No,445.0
3852,2021.0,8,512,SSD,DDR4,A,"15""",No,455.0
3853,2015.0,8,256,SSD,DDR3,A,"15""",No,505.0
3854,2020.0,8,256,SSD,DDR4,C,"12""",No,345.0
3855,2020.0,16,256,SSD,DDR4,C,"15""",No,505.0
3856,2017.0,8,256,HDD,DDR4,A,"14""",No,465.0
3857,2021.0,16,128,SSD,DDR4,C,"15""",Yes,715.0
3858,2020.0,16,256,SSD,DDR4,C,"12""",No,545.0
3859,2019.0,8,2000,SSD,DDR4,A,"15""",No,675.0
3860,2022.0,16,256,SSD,DDR4,C,"15""",No,745.0
3861,2017.0,32,512,SSD,DDR4,C,"14""",No,815.0
3862,2018.0,16,256,SSD,DDR4,,"15""",No,735.0
3863,2017.0,4,512,SSD,DDR4,C,"15""",No,325.0
3864,2021.0,8,512,SSD,DDR4,C,"12""",No,385.0
3865,2022.0,8,120,SSD,DDR4,A,"12""",No,465.0
3866,2020.0,32,1024,HDD,DDR4,C,"15""",No,935.0
3867,2017.0,8,512,HDD,DDR4,C,"14""",No,475.0
3868,2017.0,16,256,HDD,DDR4,C,"14""",No,565.0
3869,2016.0,8,512,SSD,DDR4,A,"14""",No,465.0
3870,2019.0,8,256,HDD,DDR4,A,"14""",No,415.0
3871,2017.0,16,512,SSD,DDR4,C,"12""",No,615.0
3872,2019.0,4,256,SSD,DDR4,C,"15""",No,365.0
3873,2019.0,4,256,SSD,DDR4,C,"12""",No,315.0
3874,2017.0,16,256,SSD,DDR4,A,"14""",No,825.0
3875,2017.0,8,512,SSD,DDR4,B,"14""",No,535.0
3876,2020.0,8,256,SSD,DDR4,C,"15""",No,375.0
3877,2016.0,16,256,HDD,DDR4,B,"15""",No,655.0
3878,2019.0,8,256,SSD,DDR4,B,"14""",No,375.0
3879,2023.0,16,512,SSD,DDR4,C,"12""",No,595.0
3880,2015.0,16,512,HDD,DDR3,C,"14""",No,485.0
3881,2019.0,16,1024,SSD,DDR4,B,"15""",No,635.0
3882,2019.0,16,512,HDD,DDR4,C,"12""",No,695.0
3883,2018.0,32,256,HDD,DDR4,C,"12""",No,995.0
3884,2022.0,16,512,SSD,DDR4,A,"14""",No,705.0
3885,2023.0,16,120,SSD,DDR4,A,"14""",No,715.0
3886,2023.0,8,128,SSD,DDR4,C,"12""",No,325.0
3887,2017.0,8,512,HDD,DDR4,C,"15""",No,415.0
3888,2019.0,8,128,SSD,DDR4,C,"14""",No,405.0
3889,2021.0,4,256,SSD,DDR4,B,"16""",No,375.0
3890,2021.0,8,512,SSD,DDR4,B,"12""",No,455.0
3891,2017.0,16,512,SSD,DDR4,C,"12""",No,605.0
3892,2020.0,6,256,HDD,DDR4,A,"12""",No,395.0
3893,2012.0,4,512,HDD,DDR3,C,"14""",No,255.0
3894,2023.0,32,512,SSD,DDR4,A,"15""",Yes,1305.0
3895,2021.0,16,512,HDD,DDR4,B,"12""",No,645.0
3896,2019.0,8,512,SSD,DDR4,C,"15""",No,445.0
3897,2017.0,8,512,SSD,DDR4,C,"14""",No,465.0
3898,2018.0,32,256,SSD,DDR4,C,"12""",No,875.0
3899,2021.0,16,128,SSD,DDR4,A,"12""",No,585.0
3900,2021.0,16,2000,SSD,DDR4,C,"12""",No,635.0
3901,2021.0,8,256,SSD,DDR4,C,"14""",No,425.0
3902,2013.0,12,256,SSD,DDR3,C,"14""",No,355.0
3903,2019.0,8,2000,HDD,DDR4,A,"12""",No,495.0
3904,2020.0,8,256,SSD,DDR4,B,"14""",No,475.0
3905,2018.0,16,256,SSD,DDR4,C,"15""",No,645.0
3906,2020.0,16,120,HDD,DDR4,B,"16""",No,665.0
3907,2020.0,6,512,SSD,DDR4,C,"14""",No,415.0
3908,2022.0,8,1024,SSD,DDR4,A,"15""",No,585.0
3909,2017.0,6,256,SSD,DDR4,A,"14""",No,505.0
3910,2021.0,4,256,SSD,DDR4,C,"16""",No,425.0
3911,2017.0,8,256,HDD,DDR4,B,"14""",No,485.0
3912,2018.0,6,512,SSD,DDR4,C,"15""",No,465.0
3913,2019.0,6,2000,SSD,DDR4,C,"12""",No,385.0
3914,2020.0,32,256,SSD,DDR4,C,"14""",No,1075.0
3915,2019.0,16,2000,SSD,DDR4,C,"14""",No,695.0
3916,2019.0,12,256,SSD,DDR4,C,"14""",No,475.0
3917,2022.0,4,120,SSD,DDR4,A,"14""",No,335.0
3918,2020.0,8,256,SSD,DDR4,C,"14""",No,415.0
3919,2022.0,12,2000,SSD,DDR4,B,"12""",No,595.0
3920,2021.0,8,2000,HDD,DDR4,B,"12""",No,525.0
3921,2019.0,16,1024,SSD,DDR4,B,"15""",No,865.0
3922,2017.0,4,256,SSD,DDR4,C,"15""",No,325.0
3923,2019.0,8,256,HDD,DDR4,B,"14""",No,475.0
3924,2014.0,32,512,SSD,DDR3,C,"12""",No,525.0
3925,2020.0,8,128,SSD,DDR4,C,"14""",No,435.0
3926,2019.0,8,120,SSD,DDR4,C,"15""",No,465.0
3927,2019.0,4,256,SSD,DDR4,C,"15""",No,345.0
3928,2018.0,16,256,SSD,DDR4,C,"14""",No,585.0
3929,2020.0,32,256,SSD,DDR4,A,"12""",No,885.0
3930,2020.0,8,128,HDD,DDR4,C,"15""",No,405.0
3931,2020.0,32,512,SSD,DDR4,C,"16""",No,1015.0
3932,2014.0,4,512,HDD,DDR3,C,"14""",No,265.0
3933,2020.0,16,256,SSD,DDR4,A,"15""",No,755.0
3934,2017.0,32,512,SSD,DDR4,C,"15""",No,1135.0
3935,2018.0,8,512,HDD,DDR4,,"14""",No,575.0
3936,2019.0,12,256,HDD,DDR4,B,"14""",No,495.0
3937,2020.0,8,512,SSD,DDR4,A,"12""",No,485.0
3938,2020.0,8,256,HDD,DDR4,C,"15""",No,355.0
3939,2019.0,4,256,SSD,DDR4,C,"15""",No,365.0
3940,2018.0,32,120,SSD,DDR4,C,"15""",No,965.0
3941,2019.0,6,1024,HDD,DDR4,C,"14""",No,365.0
3942,2024.0,8,512,SSD,DDR4,B,"15""",No,435.0
3943,2017.0,8,256,HDD,DDR4,C,"14""",No,435.0
3944,2018.0,16,512,SSD,DDR4,B,"14""",No,595.0
3945,2016.0,4,256,HDD,DDR4,C,"14""",No,345.0
3946,2018.0,8,512,SSD,DDR4,C,"15""",No,545.0
3947,2019.0,16,512,SSD,DDR4,C,"12""",No,455.0
3948,2018.0,8,512,SSD,DDR4,C,"15""",No,485.0
3949,2022.0,4,256,SSD,DDR4,C,"15""",No,365.0
3950,2020.0,16,128,HDD,DDR4,C,"16""",No,595.0
3951,2020.0,8,120,SSD,DDR4,C,"14""",Yes,525.0
3952,2019.0,12,512,SSD,DDR4,C,"15""",No,515.0
3953,2016.0,16,512,SSD,DDR4,C,"15""",No,655.0
3954,2020.0,8,1024,SSD,DDR4,A,"15""",No,605.0
3955,2019.0,16,512,SSD,DDR4,C,"14""",No,545.0
3956,2018.0,8,256,HDD,DDR4,A,"14""",No,415.0
3957,2020.0,8,512,SSD,DDR4,C,"12""",Yes,465.0
3958,2017.0,8,256,HDD,DDR4,C,"12""",No,395.0
3959,2018.0,4,256,SSD,DDR4,C,"14""",No,335.0
3960,2018.0,8,256,SSD,DDR4,A,"15""",No,465.0
3961,2017.0,4,128,HDD,DDR4,B,"14""",No,335.0
3962,2020.0,8,256,SSD,DDR4,A,"15""",Yes,615.0
3963,2015.0,12,120,HDD,DDR3,C,"15""",No,405.0
3964,2023.0,4,128,SSD,DDR4,B,"14""",No,415.0
3965,2019.0,16,256,SSD,DDR4,A,"15""",No,665.0
3966,2018.0,8,1024,SSD,DDR4,A,"15""",No,495.0
3967,,6,256,HDD,DDR4,A,"14""",No,465.0
3968,2021.0,16,512,SSD,DDR4,C,"15""",No,625.0
3969,2018.0,8,2000,SSD,DDR4,C,"14""",No,475.0
3970,2021.0,32,1024,SSD,DDR4,A,"15""",No,1235.0
3971,2018.0,8,512,SSD,DDR4,C,"14""",No,485.0
3972,2015.0,4,512,SSD,DDR3,C,"12""",No,295.0
3973,2018.0,16,512,HDD,DDR4,A,"14""",No,755.0
3974,2018.0,16,256,SSD,DDR4,C,"12""",No,575.0
3975,2017.0,8,512,SSD,DDR4,C,"14""",No,465.0
3976,2017.0,32,128,HDD,DDR4,A,"12""",No,1085.0
3977,2018.0,32,128,SSD,DDR4,C,"15""",No,925.0
3978,2019.0,12,512,SSD,DDR4,C,"14""",No,555.0
3979,2019.0,16,256,SSD,DDR4,C,"15""",No,735.0
3980,2020.0,8,512,SSD,DDR4,B,"15""",No,565.0
3981,2016.0,16,256,HDD,DDR4,C,"15""",No,525.0
3982,2022.0,8,512,SSD,DDR4,A,"14""",No,465.0
3983,2021.0,16,512,SSD,DDR4,A,"14""",Yes,885.0
3984,2017.0,8,128,SSD,DDR4,A,"15""",No,445.0
3985,2021.0,16,256,SSD,DDR4,C,"12""",No,555.0
3986,2021.0,8,512,SSD,DDR4,B,"15""",Yes,515.0
3987,2015.0,4,512,HDD,DDR3,C,"15""",No,345.0
3988,2018.0,4,1024,SSD,DDR4,C,"12""",No,395.0
3989,2020.0,4,128,SSD,DDR4,A,"15""",No,385.0
3990,2018.0,16,512,SSD,DDR4,A,"14""",No,665.0
3991,2021.0,32,1024,SSD,DDR4,C,"15""",No,925.0
3992,2020.0,8,512,SSD,DDR4,C,"14""",No,485.0
3993,2019.0,8,128,SSD,DDR4,A,"12""",No,395.0
3994,2017.0,4,256,HDD,DDR4,A,"12""",No,355.0
3995,2020.0,8,256,HDD,DDR4,A,"16""",No,445.0
3996,2021.0,32,256,SSD,DDR4,,"12""",Yes,915.0
3997,2022.0,16,512,SSD,DDR4,B,"12""",No,505.0
3998,2021.0,16,512,SSD,DDR4,B,"15""",No,735.0
3999,2025.0,16,256,SSD,DDR4,A,"15""",No,625.0
4000,2022.0,8,512,SSD,DDR4,A,"16""",No,585.0
4001,2022.0,8,256,SSD,DDR4,B,"12""",No,455.0
4002,2020.0,16,512,SSD,DDR4,,"15""",No,785.0
4003,2016.0,16,256,HDD,DDR4,C,"14""",No,685.0
4004,2016.0,8,256,SSD,DDR4,C,"14""",No,485.0
4005,2020.0,4,128,SSD,DDR4,C,"14""",No,285.0
4006,2016.0,6,1024,SSD,DDR4,C,"14""",No,375.0
4007,2017.0,6,512,SSD,DDR4,C,"12""",No,335.0
4008,2019.0,16,1024,SSD,DDR4,C,"12""",No,585.0
4009,2022.0,8,128,SSD,DDR4,B,"14""",No,495.0
4010,2020.0,8,256,SSD,DDR4,A,"15""",No,565.0
4011,2018.0,16,512,SSD,DDR4,C,"12""",No,565.0
4012,2021.0,4,128,HDD,DDR4,C,"15""",No,365.0
4013,2017.0,4,512,HDD,DDR4,C,"12""",No,315.0
4014,2019.0,8,120,SSD,DDR4,C,"15""",No,415.0
4015,2017.0,16,256,HDD,DDR4,C,"15""",No,655.0
4016,2020.0,32,512,SSD,DDR4,C,"16""",No,845.0
4017,2015.0,8,1024,HDD,DDR3,C,"15""",No,395.0
4018,2021.0,4,1024,SSD,DDR4,B,"12""",No,305.0
4019,2017.0,32,512,SSD,DDR4,C,"15""",No,955.0
4020,2020.0,12,128,SSD,DDR4,C,"14""",No,475.0
4021,2020.0,8,120,SSD,DDR4,,"14""",No,535.0
4022,2021.0,8,256,HDD,DDR4,A,"12""",No,465.0
4023,2019.0,4,512,SSD,DDR4,B,"14""",No,415.0
4024,2020.0,8,512,SSD,DDR4,C,"14""",No,465.0
4025,2018.0,8,256,HDD,DDR4,C,"15""",No,435.0
4026,2021.0,8,128,HDD,DDR4,C,"15""",No,455.0
4027,2020.0,16,256,SSD,DDR4,C,"15""",Yes,755.0
4028,2016.0,16,512,SSD,DDR4,C,"15""",No,725.0
4029,2019.0,8,256,SSD,DDR4,C,"12""",No,375.0
4030,2020.0,4,256,SSD,DDR4,C,"14""",No,375.0
4031,2016.0,32,512,HDD,DDR4,C,"15""",No,1025.0
4032,2020.0,8,512,SSD,DDR4,,"15""",No,495.0
4033,2020.0,8,256,SSD,DDR4,B,"14""",No,455.0
4034,2020.0,32,512,HDD,DDR4,B,"12""",No,1015.0
4035,2019.0,8,256,SSD,DDR4,C,"14""",No,465.0
4036,2020.0,4,256,SSD,DDR4,B,"14""",No,355.0
4037,2019.0,4,120,SSD,DDR4,C,"15""",No,345.0
4038,2017.0,8,512,SSD,DDR4,C,"15""",No,505.0
4039,2019.0,8,256,HDD,DDR4,B,"14""",No,425.0
4040,2021.0,16,256,SSD,DDR4,B,"12""",No,495.0
4041,2017.0,32,512,SSD,DDR4,C,"15""",No,1015.0
4042,2018.0,16,512,SSD,DDR4,C,"15""",No,655.0
4043,2018.0,16,256,SSD,DDR4,A,"12""",No,815.0
4044,2020.0,16,512,SSD,DDR4,,"12""",No,835.0
4045,2021.0,16,128,SSD,DDR4,A,"15""",Yes,815.0
4046,2018.0,6,1024,HDD,DDR4,C,"15""",No,425.0
4047,2020.0,16,1024,SSD,DDR4,B,"15""",No,705.0
4048,2021.0,16,120,HDD,DDR4,C,"12""",No,455.0
4049,2015.0,8,512,SSD,DDR3,C,"15""",No,395.0
4050,2019.0,8,512,SSD,DDR4,A,"12""",No,535.0
4051,2021.0,8,128,SSD,DDR4,C,"15""",No,415.0
4052,2020.0,8,256,SSD,DDR4,C,"14""",No,375.0
4053,2020.0,8,256,HDD,DDR4,C,"15""",No,405.0
4054,2017.0,4,256,HDD,DDR4,C,"14""",No,335.0
4055,2023.0,8,128,SSD,DDR4,C,"15""",Yes,485.0
4056,2019.0,16,512,SSD,DDR4,A,"16""",No,735.0
4057,2017.0,8,512,HDD,DDR4,C,"12""",No,345.0
4058,2020.0,32,256,HDD,DDR4,C,"15""",No,1025.0
4059,2017.0,4,256,SSD,DDR4,C,"15""",No,305.0
4060,2017.0,16,256,HDD,DDR4,C,"14""",No,695.0
4061,2019.0,32,256,SSD,DDR4,C,"12""",No,805.0
4062,2020.0,6,128,SSD,DDR4,A,"12""",No,385.0
4063,2016.0,8,512,HDD,DDR4,C,"14""",No,505.0
4064,2017.0,8,120,SSD,DDR4,C,"12""",No,415.0
4065,2017.0,16,256,HDD,DDR4,C,"15""",No,585.0
4066,2017.0,16,128,SSD,DDR4,C,"12""",No,595.0
4067,2019.0,8,256,SSD,DDR4,B,"14""",No,515.0
4068,2022.0,16,256,SSD,DDR4,C,"15""",Yes,705.0
4069,2015.0,32,512,HDD,DDR3,C,"12""",No,635.0
4070,2018.0,4,256,SSD,DDR4,A,"15""",No,365.0
4071,2021.0,8,128,SSD,DDR4,C,"15""",No,455.0
4072,2018.0,32,256,HDD,DDR4,A,"15""",No,1335.0
4073,2021.0,8,1024,SSD,DDR4,B,"16""",Yes,665.0
4074,2019.0,4,256,SSD,DDR4,B,"14""",No,365.0
4075,2022.0,8,120,SSD,DDR4,B,"14""",No,385.0
4076,2017.0,4,512,HDD,DDR4,A,"12""",No,305.0
4077,2021.0,6,2000,SSD,DDR4,B,"15""",No,505.0
4078,2020.0,4,256,HDD,DDR4,B,"12""",No,295.0
4079,2016.0,8,256,HDD,DDR4,C,"15""",No,485.0
4080,2020.0,16,512,SSD,DDR4,C,"12""",No,655.0
4081,2017.0,12,2000,SSD,DDR4,C,"12""",No,515.0
4082,2020.0,8,120,SSD,DDR4,C,"12""",No,345.0
4083,2021.0,32,256,SSD,DDR4,B,"15""",No,905.0
4084,2020.0,8,512,SSD,DDR4,C,"12""",Yes,435.0
4085,2019.0,16,512,HDD,DDR4,C,"14""",No,585.0
4086,2020.0,16,256,SSD,DDR4,C,"15""",Yes,685.0
4087,2019.0,8,256,HDD,DDR4,A,"12""",No,435.0
4088,2019.0,16,1024,SSD,DDR4,C,"12""",No,655.0
4089,2019.0,6,512,SSD,DDR4,B,"16""",No,485.0
4090,2020.0,8,2000,HDD,DDR4,B,"14""",No,585.0
4091,2019.0,4,128,HDD,DDR4,A,"15""",No,365.0
4092,2018.0,8,128,SSD,DDR4,C,"15""",No,425.0
4093,2018.0,4,256,SSD,DDR4,C,"14""",No,335.0
4094,2016.0,32,512,HDD,DDR4,A,"12""",No,965.0
4095,2017.0,4,128,HDD,DDR4,A,"15""",No,435.0
4096,2017.0,16,128,SSD,DDR4,C,"15""",No,595.0
4097,2020.0,8,256,SSD,DDR4,A,"15""",No,545.0
4098,2017.0,16,512,SSD,DDR4,C,"14""",No,615.0
4099,2021.0,8,256,SSD,DDR4,C,"14""",No,415.0
4100,2019.0,12,512,SSD,DDR4,C,"12""",No,475.0
4101,2021.0,8,512,SSD,DDR4,C,"12""",Yes,405.0
4102,2019.0,8,256,SSD,DDR4,C,"12""",No,335.0
4103,2014.0,8,256,SSD,DDR3,C,"15""",No,335.0
4104,2019.0,8,120,HDD,DDR4,B,"14""",No,365.0
4105,2020.0,32,256,HDD,DDR4,A,"12""",Yes,1125.0
4106,2021.0,8,1024,SSD,DDR4,B,"14""",Yes,485.0
4107,2015.0,16,256,SSD,DDR3,A,"12""",No,535.0
4108,2015.0,32,256,SSD,DDR3,C,"12""",No,715.0
4109,2020.0,8,512,SSD,DDR4,A,"12""",No,425.0
4110,2021.0,16,256,HDD,DDR4,C,"14""",No,505.0
4111,2021.0,16,512,SSD,DDR4,A,"15""",No,795.0
4112,2017.0,8,1024,SSD,DDR4,C,"12""",No,475.0
4113,2020.0,32,512,HDD,DDR4,A,"12""",No,1255.0
4114,2020.0,16,128,SSD,DDR4,C,"14""",No,605.0
4115,2018.0,12,256,HDD,DDR4,C,"15""",No,475.0
4116,2022.0,8,256,SSD,DDR4,B,"14""",No,435.0
4117,2017.0,8,128,HDD,DDR4,C,"14""",No,405.0
4118,2020.0,12,128,SSD,DDR4,C,"15""",No,495.0
4119,2017.0,8,120,HDD,DDR4,B,"12""",No,425.0
4120,2021.0,6,512,SSD,DDR4,A,"16""",No,475.0
4121,2018.0,4,256,SSD,DDR4,C,"12""",No,235.0
4122,2021.0,32,128,SSD,DDR4,B,"15""",No,1185.0
4123,2015.0,8,256,HDD,DDR3,C,"15""",No,405.0
4124,2022.0,16,256,HDD,DDR4,A,"12""",No,685.0
4125,2018.0,16,256,SSD,DDR4,C,"14""",No,495.0
4126,2021.0,16,512,SSD,DDR4,B,"16""",No,795.0
4127,2022.0,32,256,SSD,DDR4,C,"12""",No,975.0
4128,2021.0,8,120,SSD,DDR4,A,"12""",No,445.0
4129,2018.0,8,256,SSD,DDR4,C,"15""",No,465.0
4130,2018.0,8,1024,SSD,DDR4,B,"15""",No,605.0
4131,2018.0,4,512,SSD,DDR4,C,"14""",No,355.0
4132,2019.0,8,256,SSD,DDR4,B,"16""",No,485.0
4133,2017.0,32,128,HDD,DDR4,C,"15""",No,785.0
4134,2017.0,32,1024,SSD,DDR4,C,"15""",No,1165.0
4135,2018.0,4,256,SSD,DDR4,C,"12""",No,255.0
4136,2017.0,8,512,HDD,DDR4,B,"12""",No,515.0
4137,2015.0,4,512,HDD,DDR3,C,"14""",No,305.0
4138,2014.0,8,512,SSD,DDR3,C,"12""",No,295.0
4139,2018.0,8,256,HDD,DDR4,C,"15""",No,385.0
4140,2019.0,8,256,SSD,DDR4,C,"15""",No,365.0
4141,2017.0,16,1024,SSD,DDR4,C,"14""",No,665.0
4142,2019.0,8,128,SSD,DDR4,B,"14""",No,385.0
4143,2021.0,32,512,HDD,DDR4,C,"16""",No,1025.0
4144,2020.0,8,256,HDD,DDR4,A,"15""",No,555.0
4145,2021.0,8,512,SSD,DDR4,A,"14""",No,425.0
4146,2020.0,4,1024,HDD,DDR4,C,"12""",No,355.0
4147,2018.0,32,256,SSD,DDR4,C,"15""",No,1175.0
4148,2019.0,32,256,SSD,DDR4,A,"14""",No,995.0
4149,2020.0,12,512,HDD,DDR4,A,"12""",No,635.0
4150,2024.0,8,512,SSD,DDR4,C,"12""",No,425.0
4151,2023.0,6,120,HDD,DDR4,A,"12""",No,305.0
4152,2020.0,8,256,SSD,DDR4,B,"15""",Yes,555.0
4153,2018.0,8,256,SSD,DDR4,B,"14""",No,435.0
4154,2022.0,32,128,SSD,DDR4,B,"14""",No,1095.0
4155,2018.0,16,256,SSD,DDR4,A,"14""",No,715.0
4156,2024.0,8,512,SSD,DDR4,A,"15""",No,525.0
4157,2024.0,16,128,HDD,DDR4,B,"15""",Yes,755.0
4158,2018.0,32,256,SSD,DDR4,A,"14""",No,975.0
4159,2017.0,16,256,SSD,DDR4,C,"14""",No,595.0
4160,2016.0,32,1024,HDD,DDR4,C,"12""",No,1035.0
4161,2016.0,8,512,SSD,DDR4,C,"12""",No,385.0
4162,2018.0,8,256,SSD,DDR4,C,"12""",No,335.0
4163,2017.0,8,256,SSD,DDR4,C,"14""",No,425.0
4164,2019.0,8,256,SSD,DDR4,A,"14""",No,525.0
4165,2016.0,8,128,HDD,DDR4,C,"15""",No,385.0
4166,2020.0,8,512,SSD,DDR4,C,"14""",No,475.0
4167,2021.0,6,1024,SSD,DDR4,C,"14""",No,435.0
4168,2020.0,8,1024,SSD,DDR4,A,"15""",No,555.0
4169,2020.0,8,1024,SSD,DDR4,A,"16""",Yes,595.0
4170,2018.0,4,512,SSD,DDR4,C,"14""",No,375.0
4171,,4,256,SSD,DDR4,C,"14""",No,285.0
4172,2019.0,16,512,SSD,DDR4,A,"15""",No,725.0
4173,2018.0,8,256,SSD,DDR4,C,"14""",No,475.0
4174,2017.0,16,256,HDD,DDR4,C,"12""",No,635.0
4175,2020.0,8,256,SSD,DDR4,C,"15""",No,425.0
4176,2021.0,16,120,HDD,DDR4,A,"14""",No,655.0
4177,2020.0,16,256,HDD,DDR4,C,"12""",No,625.0
4178,2019.0,6,1024,SSD,DDR4,C,"12""",No,365.0
4179,2022.0,16,256,SSD,DDR4,,"16""",Yes,865.0
4180,2020.0,8,128,SSD,DDR4,B,"14""",Yes,615.0
4181,2021.0,8,128,SSD,DDR4,A,"15""",Yes,535.0
4182,2020.0,8,256,SSD,DDR4,C,"15""",No,535.0
4183,2016.0,32,120,SSD,DDR4,C,"14""",No,1135.0
4184,2019.0,8,1024,HDD,DDR4,B,"15""",No,485.0
4185,2018.0,6,2000,SSD,DDR4,C,"14""",No,425.0
4186,2018.0,8,512,SSD,DDR4,C,"15""",No,435.0
4187,2019.0,6,120,HDD,DDR4,A,"15""",No,465.0
4188,2013.0,8,1024,HDD,DDR3,C,"14""",No,385.0
4189,2021.0,8,128,SSD,DDR4,B,"12""",No,335.0
4190,2018.0,4,256,SSD,DDR4,C,"12""",No,305.0
4191,,8,128,SSD,DDR4,B,"14""",No,515.0
4192,2019.0,8,256,SSD,DDR4,C,"16""",No,455.0
4193,2018.0,16,256,SSD,DDR4,C,"14""",No,635.0
4194,2017.0,16,128,SSD,DDR4,C,"14""",No,525.0
4195,2019.0,16,128,SSD,DDR4,C,"15""",No,615.0
4196,2016.0,4,1024,SSD,DDR4,C,"14""",No,375.0
4197,2016.0,8,2000,HDD,DDR4,B,"15""",No,565.0
4198,2020.0,16,256,SSD,DDR4,C,"15""",No,635.0
4199,2017.0,16,256,SSD,DDR4,B,"15""",No,575.0
4200,2016.0,16,512,HDD,DDR4,C,"15""",No,645.0
4201,2021.0,16,120,SSD,DDR4,A,"15""",No,805.0
4202,2017.0,32,512,HDD,DDR4,C,"14""",No,815.0
4203,2016.0,4,512,HDD,DDR4,C,"12""",No,265.0
4204,2022.0,12,512,SSD,DDR4,C,"14""",No,545.0
4205,2018.0,8,256,SSD,DDR4,C,"14""",No,335.0
4206,2019.0,8,256,SSD,DDR4,C,"15""",No,465.0
4207,2021.0,16,512,SSD,DDR4,A,"14""",No,665.0
4208,2017.0,8,256,SSD,DDR4,B,"14""",No,415.0
4209,2022.0,8,256,HDD,DDR4,A,"16""",No,595.0
4210,2020.0,8,2000,SSD,DDR4,A,"12""",No,575.0
4211,2016.0,8,2000,HDD,DDR4,A,"12""",No,615.0
4212,2020.0,12,2000,SSD,DDR4,C,"12""",No,565.0
4213,2017.0,12,2000,HDD,DDR4,A,"15""",No,655.0
4214,2013.0,6,256,SSD,DDR3,C,"14""",No,315.0
4215,2020.0,4,128,SSD,DDR4,C,"15""",No,365.0
4216,2015.0,8,512,HDD,DDR3,C,"12""",No,325.0
4217,2021.0,16,512,SSD,DDR4,B,"12""",No,635.0
4218,2016.0,16,512,SSD,DDR4,C,"14""",No,685.0
4219,2021.0,8,120,SSD,DDR4,C,"15""",No,485.0
4220,2019.0,4,128,SSD,DDR4,C,"16""",No,315.0
4221,2023.0,4,256,SSD,DDR4,,"15""",No,375.0
4222,2018.0,8,512,SSD,DDR4,C,"15""",No,485.0
4223,2019.0,8,128,SSD,DDR4,B,"15""",No,445.0
4224,2019.0,4,128,HDD,DDR4,A,"14""",No,295.0
4225,2019.0,8,128,HDD,DDR4,C,"12""",No,295.0
4226,2019.0,8,256,HDD,DDR4,C,"14""",No,455.0
4227,2019.0,8,256,SSD,DDR4,C,"12""",No,415.0
4228,2016.0,8,256,SSD,DDR4,C,"12""",No,395.0
4229,2016.0,32,256,HDD,DDR4,C,"15""",No,955.0
4230,2019.0,32,256,SSD,DDR4,C,"15""",No,975.0
4231,2018.0,8,120,HDD,DDR4,C,"15""",No,345.0
4232,2023.0,4,512,HDD,DDR4,A,"15""",No,355.0
4233,2017.0,32,120,HDD,DDR4,C,"15""",No,845.0
4234,2019.0,8,128,SSD,DDR4,C,"15""",No,415.0
4235,2019.0,32,512,SSD,DDR4,B,"16""",No,1105.0
4236,2018.0,8,256,HDD,DDR4,C,"15""",No,405.0
4237,2019.0,4,1024,SSD,DDR4,C,"16""",No,415.0
4238,,32,512,SSD,DDR4,B,"15""",Yes,1245.0
4239,2023.0,8,128,SSD,DDR4,A,"14""",No,505.0
4240,2018.0,8,1024,SSD,DDR4,A,"14""",No,545.0
4241,2018.0,16,256,SSD,DDR4,C,"12""",No,635.0
4242,2018.0,4,1024,SSD,DDR4,C,"14""",No,395.0
4243,2020.0,8,512,HDD,DDR4,B,"12""",No,405.0
4244,2018.0,8,128,SSD,DDR4,C,"12""",No,335.0
4245,2017.0,6,1024,SSD,DDR4,C,"12""",No,395.0
4246,2020.0,8,256,SSD,DDR4,B,"15""",No,505.0
4247,2019.0,4,256,SSD,DDR4,C,"12""",No,275.0
4248,2016.0,16,128,SSD,DDR4,A,"15""",No,825.0
4249,2021.0,4,128,HDD,DDR4,C,"16""",No,345.0
4250,2019.0,16,512,HDD,DDR4,C,"15""",No,545.0
4251,2021.0,8,128,SSD,DDR4,C,"12""",No,435.0
4252,2021.0,8,512,SSD,DDR4,C,"14""",Yes,435.0
4253,2019.0,4,512,HDD,DDR4,C,"14""",No,335.0
4254,2018.0,8,120,SSD,DDR4,C,"15""",No,445.0
4255,2022.0,16,256,HDD,DDR4,B,"14""",No,725.0
4256,2020.0,32,256,SSD,DDR4,A,"15""",No,1065.0
4257,2020.0,8,512,SSD,DDR4,B,"15""",No,435.0
4258,2017.0,8,512,SSD,DDR4,C,"15""",No,515.0
4259,2019.0,8,256,HDD,DDR4,A,"12""",No,405.0
4260,2017.0,16,512,SSD,DDR4,C,"12""",No,595.0
4261,2020.0,8,256,SSD,DDR4,C,"14""",No,435.0
4262,2017.0,8,512,HDD,DDR4,,"15""",No,475.0
4263,2019.0,16,512,HDD,DDR4,C,"16""",No,765.0
4264,2019.0,16,512,SSD,DDR4,C,"12""",No,515.0
4265,2017.0,32,128,SSD,DDR4,C,"15""",No,1045.0
4266,2019.0,12,2000,SSD,DDR4,C,"15""",No,655.0
4267,2018.0,8,256,SSD,DDR4,C,"15""",No,435.0
4268,2021.0,12,256,SSD,DDR4,A,"16""",No,595.0
4269,2018.0,32,120,SSD,DDR4,C,"15""",No,965.0
4270,2019.0,16,256,HDD,DDR4,A,"15""",No,785.0
4271,2020.0,32,256,SSD,DDR4,C,"15""",No,1055.0
4272,2022.0,8,512,SSD,DDR4,C,"16""",No,505.0
4273,2017.0,16,120,HDD,DDR4,A,"15""",No,705.0
4274,2020.0,12,1024,SSD,DDR4,C,"15""",Yes,565.0
4275,2020.0,16,256,SSD,DDR4,C,"12""",No,595.0
4276,2021.0,16,256,SSD,DDR4,B,"15""",Yes,675.0
4277,2017.0,8,256,HDD,DDR4,C,"12""",No,425.0
4278,2021.0,32,256,SSD,DDR4,C,"12""",No,925.0
4279,2019.0,4,128,SSD,DDR4,B,"15""",No,355.0
4280,2020.0,8,128,SSD,DDR4,B,"16""",No,485.0
4281,2019.0,4,512,SSD,DDR4,C,"12""",No,255.0
4282,2020.0,16,128,SSD,DDR4,A,"14""",No,735.0
4283,2019.0,4,256,SSD,DDR4,C,"12""",No,225.0
4284,2016.0,8,256,SSD,DDR4,C,"14""",No,405.0
4285,2020.0,16,512,SSD,DDR4,C,"12""",No,515.0
4286,2020.0,8,1024,SSD,DDR4,A,"12""",No,425.0
4287,2019.0,8,512,SSD,DDR4,A,"14""",No,515.0
4288,2017.0,8,512,HDD,DDR4,C,"14""",No,405.0
4289,2019.0,16,512,SSD,DDR4,A,"12""",No,725.0
4290,2019.0,4,256,SSD,DDR4,C,"12""",No,255.0
4291,2020.0,8,128,HDD,DDR4,A,"15""",No,475.0
4292,2017.0,16,256,HDD,DDR4,C,"15""",No,585.0
4293,2019.0,8,128,SSD,DDR4,C,"14""",No,345.0
4294,2018.0,8,128,HDD,DDR4,C,"15""",No,385.0
4295,2022.0,16,512,HDD,DDR4,A,"16""",Yes,835.0
4296,2019.0,4,120,HDD,DDR4,C,"12""",No,245.0
4297,2021.0,4,120,SSD,DDR4,A,"12""",No,315.0
4298,2017.0,32,512,SSD,DDR4,B,"12""",No,1175.0
4299,2020.0,8,512,SSD,DDR4,A,"12""",Yes,575.0
4300,2020.0,32,256,SSD,DDR4,C,"12""",No,1015.0
4301,2019.0,8,120,SSD,DDR4,C,"14""",No,405.0
4302,2018.0,4,128,SSD,DDR4,C,"14""",No,305.0
4303,2020.0,32,128,HDD,DDR4,C,"14""",No,845.0
4304,2020.0,8,256,SSD,DDR4,B,"16""",Yes,585.0
4305,2021.0,16,256,SSD,DDR4,A,"15""",No,595.0
4306,2021.0,8,512,SSD,DDR4,B,"15""",No,545.0
4307,2021.0,8,256,SSD,DDR4,A,"12""",No,445.0
4308,2022.0,8,256,SSD,DDR4,B,"12""",No,465.0
4309,2019.0,4,1024,SSD,DDR4,C,"14""",No,375.0
4310,2018.0,12,512,HDD,DDR4,B,"15""",No,525.0
4311,2019.0,8,256,SSD,DDR4,C,"12""",No,405.0
4312,2019.0,8,256,SSD,DDR4,B,"15""",No,525.0
4313,2022.0,6,1024,HDD,DDR4,A,"15""",No,495.0
4314,2020.0,4,256,SSD,DDR4,C,"12""",No,255.0
4315,2020.0,8,256,SSD,DDR4,C,"14""",No,425.0
4316,2018.0,32,256,SSD,DDR4,A,"12""",No,1235.0
4317,2018.0,16,256,HDD,DDR4,A,"14""",No,725.0
4318,2016.0,16,256,HDD,DDR4,A,"12""",No,655.0
4319,2023.0,8,1024,SSD,DDR4,A,"12""",Yes,625.0
4320,2020.0,16,512,HDD,DDR4,A,"14""",No,575.0
4321,2019.0,8,256,SSD,DDR4,B,"15""",No,485.0
4322,2018.0,6,512,SSD,DDR4,A,"12""",No,375.0
4323,2022.0,8,128,SSD,DDR4,B,"12""",No,305.0
4324,2018.0,16,256,SSD,DDR4,C,"14""",No,595.0
4325,2018.0,8,512,SSD,DDR4,C,"15""",No,445.0
4326,2016.0,16,120,SSD,DDR4,C,"15""",No,665.0
4327,2016.0,8,128,HDD,DDR4,C,"15""",No,355.0
4328,2020.0,16,256,SSD,DDR4,C,"12""",No,635.0
4329,2018.0,16,256,SSD,DDR4,C,"14""",No,665.0
4330,2018.0,4,120,SSD,DDR4,C,"15""",No,395.0
4331,2021.0,4,2000,SSD,DDR4,C,"15""",No,455.0
4332,2019.0,8,128,SSD,DDR4,C,"14""",No,415.0
4333,2016.0,16,512,HDD,DDR4,C,"12""",No,655.0
4334,2020.0,16,128,SSD,DDR4,A,"15""",No,695.0
4335,2019.0,8,256,SSD,DDR4,A,"12""",No,415.0
4336,2019.0,16,512,SSD,DDR4,C,"15""",No,745.0
4337,2016.0,8,512,HDD,DDR4,B,"14""",No,495.0
4338,2020.0,8,256,SSD,DDR4,A,"15""",No,515.0
4339,2020.0,4,2000,SSD,DDR4,A,"14""",No,455.0
4340,2020.0,16,256,SSD,DDR4,C,"12""",No,495.0
4341,2017.0,12,256,HDD,DDR4,C,"12""",No,455.0
4342,2019.0,8,2000,SSD,DDR4,A,"14""",No,565.0
4343,2021.0,16,512,SSD,DDR4,A,"12""",No,725.0
4344,2020.0,8,512,SSD,DDR4,A,"15""",No,625.0
4345,2019.0,4,128,SSD,DDR4,A,"14""",No,385.0
4346,2023.0,16,256,HDD,DDR4,A,"15""",No,605.0
4347,2016.0,32,256,SSD,DDR4,C,"14""",No,965.0
4348,2023.0,8,512,SSD,DDR4,B,"15""",Yes,595.0
4349,2019.0,8,256,SSD,DDR4,C,"16""",No,495.0
4350,2018.0,32,256,SSD,DDR4,C,"15""",No,955.0
4351,2021.0,8,128,SSD,DDR4,A,"14""",No,535.0
4352,2016.0,8,512,HDD,DDR4,A,"12""",No,395.0
4353,2022.0,8,120,SSD,DDR4,A,"14""",No,455.0
4354,2018.0,12,512,SSD,DDR4,C,"15""",No,545.0
4355,2018.0,8,256,SSD,DDR4,C,"14""",No,455.0
4356,2019.0,4,128,SSD,DDR4,A,"14""",No,345.0
4357,2018.0,8,128,SSD,DDR4,C,"14""",No,445.0
4358,2022.0,6,512,HDD,DDR4,A,"12""",No,435.0
4359,2020.0,16,512,HDD,DDR4,C,"12""",Yes,605.0
4360,2021.0,4,256,SSD,DDR4,B,"15""",No,405.0
4361,2019.0,8,256,SSD,DDR4,C,"12""",No,355.0
4362,2019.0,6,128,SSD,DDR4,C,"12""",No,315.0
4363,2014.0,8,1024,HDD,DDR3,C,"12""",No,295.0
4364,2019.0,8,256,SSD,DDR4,A,"12""",No,455.0
4365,2017.0,16,512,SSD,DDR4,C,"14""",No,535.0
4366,2019.0,16,2000,SSD,DDR4,C,"14""",No,705.0
4367,2018.0,12,256,SSD,DDR4,B,"12""",No,545.0
4368,2018.0,32,256,SSD,DDR4,C,"12""",No,795.0
4369,2017.0,16,512,SSD,DDR4,B,"15""",No,745.0
4370,2020.0,8,1024,HDD,DDR4,C,"14""",Yes,445.0
4371,2019.0,8,512,HDD,DDR4,C,"15""",No,515.0
4372,2021.0,32,128,SSD,DDR4,B,"12""",No,905.0
4373,2018.0,16,256,SSD,DDR4,B,"15""",No,705.0
4374,2022.0,12,256,SSD,DDR4,C,"14""",Yes,505.0
4375,2020.0,16,256,HDD,DDR4,C,"15""",No,555.0
4376,2020.0,12,128,SSD,DDR4,B,"12""",Yes,515.0
4377,2019.0,4,1024,HDD,DDR4,A,"15""",No,445.0
4378,2020.0,8,120,HDD,DDR4,A,"14""",No,375.0
4379,2017.0,16,512,HDD,DDR4,C,"12""",No,525.0
4380,2021.0,16,256,SSD,DDR4,C,"15""",No,535.0
4381,2019.0,8,512,SSD,DDR4,C,"14""",No,515.0
4382,2020.0,16,512,HDD,DDR4,B,"15""",No,645.0
4383,2019.0,4,512,SSD,DDR4,B,"16""",No,465.0
4384,2018.0,8,256,SSD,DDR4,C,"14""",No,445.0
4385,2019.0,8,128,SSD,DDR4,C,"14""",No,365.0
4386,2019.0,32,256,HDD,DDR4,C,"15""",No,1025.0
4387,,8,256,SSD,DDR4,B,"15""",No,515.0
4388,2017.0,32,512,HDD,DDR4,C,"15""",No,1035.0
4389,2018.0,4,256,SSD,DDR4,B,"14""",No,365.0
4390,2021.0,16,128,SSD,DDR4,B,"15""",No,625.0
4391,2020.0,8,512,SSD,DDR4,A,"12""",No,505.0
4392,2019.0,16,512,HDD,DDR4,A,"15""",No,775.0
4393,2022.0,16,512,HDD,DDR4,B,"15""",No,715.0
4394,2020.0,8,256,SSD,DDR4,A,"16""",No,585.0
4395,2018.0,4,512,SSD,DDR4,C,"12""",No,265.0
4396,2022.0,8,256,SSD,DDR4,B,"14""",Yes,575.0
4397,2018.0,8,512,SSD,DDR4,C,"14""",No,435.0
4398,2016.0,4,256,HDD,DDR4,C,"15""",No,325.0
4399,2023.0,4,1024,SSD,DDR4,A,"16""",No,545.0
4400,2019.0,16,512,SSD,DDR4,C,"12""",No,585.0
4401,2017.0,8,256,HDD,DDR4,A,"14""",No,465.0
4402,2017.0,8,256,SSD,DDR4,C,"15""",No,445.0
4403,2019.0,16,512,SSD,DDR4,A,"15""",No,765.0
4404,2018.0,8,512,HDD,DDR4,A,"14""",No,395.0
4405,2019.0,16,256,HDD,DDR4,C,"15""",No,615.0
4406,2019.0,16,256,SSD,DDR4,C,"14""",No,615.0
4407,2022.0,16,256,SSD,DDR4,A,"15""",No,675.0
4408,2014.0,8,512,HDD,DDR3,C,"14""",No,295.0
4409,2018.0,16,128,HDD,DDR4,C,"15""",No,645.0
4410,2019.0,8,512,SSD,DDR4,C,"12""",No,395.0
4411,2018.0,6,1024,SSD,DDR4,C,"14""",No,405.0
4412,2019.0,16,256,HDD,DDR4,C,"15""",No,655.0
4413,2017.0,32,256,SSD,DDR4,B,"14""",No,945.0
4414,2022.0,8,256,SSD,DDR4,A,"15""",No,435.0
4415,2013.0,8,256,SSD,DDR3,C,"14""",No,355.0
4416,2019.0,4,256,SSD,DDR4,A,"15""",No,365.0
4417,2019.0,16,128,SSD,DDR4,C,"14""",No,535.0
4418,2015.0,32,120,HDD,DDR3,C,"14""",No,685.0
4419,2021.0,8,512,HDD,DDR4,C,"15""",Yes,495.0
4420,2016.0,16,512,SSD,DDR4,C,"15""",No,785.0
4421,2020.0,4,128,SSD,DDR4,A,"15""",No,335.0
4422,2016.0,8,256,HDD,DDR4,A,"14""",No,545.0
4423,2022.0,16,120,SSD,DDR4,A,"15""",No,835.0
4424,2016.0,6,256,SSD,DDR4,C,"12""",No,335.0
4425,2019.0,16,128,SSD,DDR4,A,"14""",No,755.0
4426,2022.0,8,128,SSD,DDR4,C,"15""",No,355.0
4427,2017.0,8,512,HDD,DDR4,C,"15""",No,465.0
4428,2021.0,4,256,SSD,DDR4,,"15""",No,345.0
4429,2018.0,4,256,SSD,DDR4,C,"14""",No,365.0
4430,2020.0,4,256,SSD,DDR4,C,"12""",No,325.0
4431,2019.0,8,512,HDD,DDR4,C,"12""",No,315.0
4432,2020.0,4,512,SSD,DDR4,C,"15""",No,385.0
4433,2018.0,8,512,SSD,DDR4,C,"12""",No,375.0
4434,2019.0,16,128,SSD,DDR4,B,"15""",No,745.0
4435,2019.0,16,512,SSD,DDR4,C,"15""",No,705.0
4436,2022.0,8,256,HDD,DDR4,A,"14""",No,465.0
4437,2019.0,16,256,HDD,DDR4,C,"16""",No,655.0
4438,2019.0,16,256,SSD,DDR4,B,"12""",No,655.0
4439,2018.0,4,256,HDD,DDR4,C,"15""",No,325.0
4440,2020.0,8,256,SSD,DDR4,B,"14""",No,475.0
4441,2018.0,6,512,SSD,DDR4,C,"15""",No,365.0
4442,2019.0,4,1024,SSD,DDR4,C,"15""",No,385.0
4443,2021.0,8,512,HDD,DDR4,A,"14""",No,465.0
4444,2021.0,8,128,HDD,DDR4,B,"15""",No,505.0
4445,2020.0,4,512,HDD,DDR4,A,"16""",No,415.0
4446,2021.0,8,512,HDD,DDR4,B,"12""",No,345.0
4447,2019.0,32,256,HDD,DDR4,C,"15""",No,835.0
4448,2018.0,8,256,HDD,DDR4,A,"15""",No,555.0
4449,2019.0,32,128,SSD,DDR4,A,"14""",No,1225.0
4450,2019.0,8,512,SSD,DDR4,C,"14""",No,375.0
4451,2019.0,8,512,SSD,DDR4,C,"14""",No,495.0
4452,2020.0,8,512,SSD,DDR4,A,"12""",No,465.0
4453,2019.0,8,128,SSD,DDR4,B,"14""",No,365.0
4454,2018.0,8,256,SSD,DDR4,C,"14""",No,425.0
4455,2018.0,8,512,SSD,DDR4,C,"15""",No,445.0
4456,2019.0,8,512,SSD,DDR4,A,"14""",No,495.0
4457,2019.0,6,256,SSD,DDR4,C,"12""",No,355.0
4458,2017.0,4,512,SSD,DDR4,A,"12""",No,345.0
4459,2015.0,32,128,SSD,DDR3,C,"12""",No,595.0
4460,2019.0,16,128,SSD,DDR4,B,"14""",No,585.0
4461,2022.0,16,512,SSD,DDR4,C,"15""",No,615.0
4462,2019.0,16,512,SSD,DDR4,C,"12""",No,495.0
4463,2020.0,16,1024,SSD,DDR4,C,"15""",No,595.0
4464,2019.0,8,256,HDD,DDR4,A,"15""",No,525.0
4465,2022.0,12,128,SSD,DDR4,A,"14""",No,675.0
4466,2020.0,16,1024,SSD,DDR4,C,"12""",No,665.0
4467,2021.0,16,1024,HDD,DDR4,B,"14""",No,695.0
4468,2019.0,4,256,HDD,DDR4,A,"14""",No,375.0
4469,2019.0,8,256,HDD,DDR4,C,"15""",No,465.0
4470,2019.0,8,128,SSD,DDR4,C,"16""",No,495.0
4471,2018.0,6,256,SSD,DDR4,A,"15""",No,405.0
4472,2020.0,4,512,SSD,DDR4,A,"12""",No,315.0
4473,2020.0,32,120,SSD,DDR4,A,"14""",No,1235.0
4474,2019.0,4,256,SSD,DDR4,A,"15""",No,445.0
4475,2020.0,8,128,HDD,DDR4,A,"15""",Yes,485.0
4476,2018.0,8,128,SSD,DDR4,C,"15""",No,525.0
4477,2020.0,4,256,SSD,DDR4,C,"15""",No,385.0
4478,2023.0,4,1024,SSD,DDR4,A,"14""",No,475.0
4479,2019.0,12,512,SSD,DDR4,A,"12""",No,575.0
4480,2017.0,32,256,HDD,DDR4,A,"14""",No,1055.0
4481,2020.0,8,256,SSD,DDR4,A,"14""",Yes,575.0
4482,2020.0,16,256,SSD,DDR4,C,"14""",No,535.0
4483,2020.0,8,256,SSD,DDR4,B,"15""",No,495.0
4484,2022.0,8,120,SSD,DDR4,B,"12""",No,405.0
4485,2020.0,8,120,SSD,DDR4,C,"12""",No,375.0
4486,2018.0,8,128,SSD,DDR4,B,"15""",No,405.0
4487,2016.0,4,1024,HDD,DDR4,C,"12""",No,345.0
4488,2020.0,4,512,SSD,DDR4,C,"14""",No,325.0
4489,2013.0,4,256,SSD,DDR3,C,"15""",No,335.0
4490,2021.0,6,256,SSD,DDR4,,"12""",No,375.0
4491,2022.0,32,128,SSD,DDR4,A,"14""",No,1075.0
4492,2016.0,8,128,HDD,DDR4,C,"15""",No,455.0
4493,2016.0,8,512,HDD,DDR4,C,"14""",No,415.0
4494,2020.0,8,256,HDD,DDR4,C,"14""",No,475.0
4495,2014.0,8,2000,SSD,DDR3,C,"14""",No,445.0
4496,2018.0,8,128,HDD,DDR4,C,"15""",No,385.0
4497,2013.0,4,256,HDD,DDR3,C,"12""",No,195.0
4498,2017.0,4,128,SSD,DDR4,C,"12""",No,235.0
4499,2017.0,8,1024,SSD,DDR4,C,"15""",No,555.0
4500,2017.0,32,256,SSD,DDR4,C,"15""",No,1035.0
4501,2020.0,16,256,HDD,DDR4,C,"14""",No,645.0
4502,2020.0,8,512,SSD,DDR4,C,"12""",No,435.0
4503,2022.0,8,256,SSD,DDR4,A,"15""",No,475.0
4504,2023.0,16,512,SSD,DDR4,A,"14""",No,805.0
4505,2017.0,8,128,SSD,DDR4,C,"14""",No,415.0
4506,2019.0,16,512,SSD,DDR4,A,"15""",No,715.0
4507,2019.0,8,256,SSD,DDR4,A,"15""",No,565.0
4508,2020.0,4,256,SSD,DDR4,C,"15""",No,345.0
4509,2021.0,16,1024,SSD,DDR4,A,"15""",No,765.0
4510,2018.0,8,1024,HDD,DDR4,C,"14""",No,475.0
4511,2016.0,32,1024,SSD,DDR4,A,"15""",No,1445.0
4512,2020.0,8,1024,SSD,DDR4,A,"15""",No,595.0
4513,2019.0,32,512,SSD,DDR4,A,"14""",No,1275.0
4514,2020.0,8,256,SSD,DDR4,C,"16""",No,515.0
4515,2018.0,16,512,SSD,DDR4,C,"15""",No,605.0
4516,2021.0,8,512,SSD,DDR4,A,"14""",No,465.0
4517,2015.0,4,1024,SSD,DDR3,C,"15""",No,345.0
4518,2019.0,8,512,SSD,DDR4,C,"15""",No,455.0
4519,2019.0,16,128,SSD,DDR4,C,"14""",No,735.0
4520,2019.0,16,128,SSD,DDR4,C,"12""",No,585.0
4521,2022.0,4,256,SSD,DDR4,C,"14""",No,365.0
4522,2024.0,4,256,SSD,DDR4,B,"15""",No,405.0
4523,2022.0,8,512,SSD,DDR4,A,"12""",No,525.0
4524,2021.0,8,128,SSD,DDR4,A,"12""",No,525.0
4525,2019.0,4,128,SSD,DDR4,C,"16""",No,375.0
4526,2021.0,8,1024,SSD,DDR4,C,"15""",No,555.0
4527,2022.0,4,512,HDD,DDR4,A,"12""",No,365.0
4528,2022.0,8,128,SSD,DDR4,A,"14""",No,475.0
4529,2014.0,8,1024,HDD,DDR3,C,"12""",No,315.0
4530,2020.0,4,256,SSD,DDR4,A,"15""",No,355.0
4531,2020.0,4,512,SSD,DDR4,A,"14""",No,375.0
4532,2019.0,8,512,SSD,DDR4,C,"12""",No,415.0
4533,2016.0,4,512,HDD,DDR4,C,"15""",No,315.0
4534,2021.0,16,2000,SSD,DDR4,C,"15""",No,715.0
4535,2019.0,6,256,HDD,DDR4,C,"15""",No,395.0
4536,2018.0,16,2000,SSD,DDR4,C,"14""",No,645.0
4537,2017.0,6,120,SSD,DDR4,C,"15""",No,375.0
4538,2019.0,8,512,SSD,DDR4,C,"15""",No,465.0
4539,2019.0,8,256,SSD,DDR4,C,"14""",No,415.0
4540,2015.0,8,128,HDD,DDR3,C,"14""",No,315.0
4541,2016.0,16,120,SSD,DDR4,C,"15""",No,675.0
4542,2018.0,8,2000,SSD,DDR4,C,"15""",No,585.0
4543,2019.0,12,256,SSD,DDR4,C,"14""",No,525.0
4544,2019.0,32,512,HDD,DDR4,A,"16""",No,1045.0
4545,2017.0,32,256,SSD,DDR4,C,"15""",No,985.0
4546,2020.0,8,256,SSD,DDR4,A,"15""",No,525.0
4547,2023.0,32,256,SSD,DDR4,A,"14""",Yes,1205.0
4548,2018.0,8,128,SSD,DDR4,C,"14""",No,495.0
4549,2021.0,8,128,SSD,DDR4,A,"15""",No,415.0
4550,2020.0,32,256,SSD,DDR4,C,"15""",No,1035.0
4551,2021.0,8,512,SSD,DDR4,C,"15""",No,495.0
4552,2016.0,4,256,HDD,DDR4,C,"15""",No,345.0
4553,2018.0,8,128,SSD,DDR4,C,"15""",No,445.0
4554,2015.0,16,256,SSD,DDR3,C,"14""",No,435.0
4555,2021.0,32,128,SSD,DDR4,A,"14""",No,1115.0
4556,2017.0,8,256,SSD,DDR4,C,"14""",No,445.0
4557,2021.0,16,128,HDD,DDR4,A,"12""",No,675.0
4558,2016.0,8,512,HDD,DDR4,C,"14""",No,465.0
4559,2021.0,32,256,SSD,DDR4,B,"14""",No,1225.0
4560,2020.0,8,512,SSD,DDR4,C,"12""",No,355.0
4561,2017.0,4,128,HDD,DDR4,A,"12""",No,265.0
4562,2019.0,8,256,HDD,DDR4,C,"14""",No,375.0
4563,2017.0,32,256,HDD,DDR4,A,"15""",No,1175.0
4564,2021.0,8,1024,SSD,DDR4,A,"15""",Yes,625.0
4565,2020.0,16,256,HDD,DDR4,C,"15""",No,695.0
4566,2018.0,16,512,SSD,DDR4,C,"14""",No,595.0
4567,2019.0,16,512,SSD,DDR4,C,"15""",No,725.0
4568,2019.0,32,512,HDD,DDR4,C,"14""",No,1095.0
4569,2019.0,8,512,SSD,DDR4,C,"15""",No,465.0
4570,2022.0,6,512,SSD,DDR4,C,"15""",No,415.0
4571,2020.0,32,256,SSD,DDR4,C,"14""",No,905.0
4572,2018.0,8,512,SSD,DDR4,C,"14""",No,425.0
4573,2020.0,8,512,SSD,DDR4,A,"15""",No,535.0
4574,2020.0,6,256,SSD,DDR4,C,"14""",No,385.0
4575,2019.0,6,256,SSD,DDR4,C,"15""",No,385.0
4576,2015.0,16,128,HDD,DDR3,C,"15""",No,535.0
4577,2019.0,4,512,SSD,DDR4,C,"14""",No,325.0
4578,2022.0,16,512,SSD,DDR4,A,"16""",No,875.0
4579,2020.0,8,256,SSD,DDR4,C,"12""",No,395.0
4580,2019.0,16,512,SSD,DDR4,C,"12""",No,585.0
4581,2023.0,32,256,SSD,DDR4,A,"14""",No,1215.0
4582,2019.0,32,512,SSD,DDR4,C,"15""",No,1085.0
4583,2018.0,8,512,SSD,DDR4,C,"14""",No,495.0
4584,2021.0,16,128,SSD,DDR4,A,"15""",No,755.0
4585,2022.0,4,256,SSD,DDR4,B,"14""",No,325.0
4586,2016.0,8,256,HDD,DDR4,,"15""",No,505.0
4587,2020.0,6,512,SSD,DDR4,C,"14""",No,385.0
4588,2021.0,16,1024,HDD,DDR4,A,"12""",No,675.0
4589,2022.0,8,120,SSD,DDR4,B,"12""",No,335.0
4590,2017.0,12,2000,HDD,DDR4,C,"12""",No,585.0
4591,2020.0,6,512,SSD,DDR4,A,"12""",No,415.0
4592,2014.0,16,256,HDD,DDR3,C,"15""",No,475.0
4593,2021.0,16,256,SSD,DDR4,A,"15""",Yes,795.0
4594,2019.0,8,128,SSD,DDR4,C,"15""",No,385.0
4595,2021.0,16,256,HDD,DDR4,C,"12""",No,585.0
4596,2019.0,16,256,SSD,DDR4,C,"16""",No,725.0
4597,2017.0,32,120,SSD,DDR4,C,"15""",No,1145.0
4598,2018.0,4,1024,SSD,DDR4,A,"14""",No,525.0
4599,2018.0,4,120,SSD,DDR4,C,"12""",No,275.0
4600,2022.0,4,512,SSD,DDR4,A,"15""",No,395.0
4601,2020.0,16,1024,SSD,DDR4,C,"14""",No,765.0
4602,2022.0,16,256,SSD,DDR4,A,"15""",No,815.0
4603,2018.0,16,128,SSD,DDR4,C,"12""",No,645.0
4604,2020.0,16,256,SSD,DDR4,A,"15""",No,635.0
4605,2019.0,8,128,SSD,DDR4,B,"15""",No,445.0
4606,2021.0,4,512,HDD,DDR4,A,"15""",No,365.0
4607,2022.0,6,256,SSD,DDR4,B,"15""",No,495.0
4608,2019.0,8,256,SSD,DDR4,C,"12""",No,425.0
4609,2019.0,8,512,HDD,DDR4,C,"14""",No,435.0
4610,2018.0,4,512,HDD,DDR4,C,"15""",No,375.0
4611,2017.0,16,256,HDD,DDR4,C,"15""",No,665.0
4612,2020.0,16,512,SSD,DDR4,C,"16""",No,745.0
4613,2019.0,16,256,SSD,DDR4,A,"16""",No,915.0
4614,2013.0,12,512,HDD,DDR3,C,"15""",No,355.0
4615,2020.0,4,256,SSD,DDR4,A,"15""",No,465.0
4616,2021.0,32,1024,SSD,DDR4,B,"15""",No,1085.0
4617,2015.0,32,256,HDD,DDR3,C,"15""",No,775.0
4618,2017.0,32,256,HDD,DDR4,C,"15""",No,875.0
4619,2017.0,12,256,SSD,DDR4,C,"15""",No,565.0
4620,2020.0,16,512,SSD,DDR4,A,"15""",No,655.0
4621,2021.0,32,128,SSD,DDR4,A,"14""",Yes,945.0
4622,2019.0,16,2000,HDD,DDR4,C,"12""",No,675.0
4623,2019.0,8,256,HDD,DDR4,A,"15""",No,535.0
4624,2022.0,32,512,SSD,DDR4,A,"16""",No,1135.0
4625,2020.0,8,512,SSD,DDR4,C,"14""",No,455.0
4626,2018.0,8,512,SSD,DDR4,C,"12""",No,335.0
4627,2017.0,8,512,HDD,DDR4,C,"14""",No,415.0
4628,2017.0,8,512,HDD,DDR4,C,"12""",No,385.0
4629,2020.0,16,256,SSD,DDR4,C,"12""",No,505.0
4630,2015.0,16,512,SSD,DDR3,C,"15""",No,505.0
4631,2019.0,32,256,SSD,DDR4,C,"15""",No,925.0
4632,2021.0,8,2000,SSD,DDR4,C,"14""",No,515.0
4633,2019.0,8,512,SSD,DDR4,C,"12""",No,425.0
4634,2020.0,8,128,SSD,DDR4,C,"12""",No,345.0
4635,2019.0,16,128,SSD,DDR4,C,"16""",No,605.0
4636,2019.0,4,128,SSD,DDR4,C,"14""",No,295.0
4637,2019.0,4,512,SSD,DDR4,C,"14""",No,295.0
4638,2017.0,8,128,HDD,DDR4,C,"15""",No,425.0
4639,2018.0,6,512,SSD,DDR4,C,"12""",No,405.0
4640,2019.0,16,256,HDD,DDR4,C,"12""",No,595.0
4641,2020.0,8,1024,SSD,DDR4,A,"15""",No,615.0
4642,2021.0,32,256,SSD,DDR4,A,"14""",No,955.0
4643,2023.0,4,256,SSD,DDR4,A,"15""",No,385.0
4644,2021.0,32,512,HDD,DDR4,C,"12""",No,955.0
4645,2021.0,16,512,HDD,DDR4,B,"12""",No,565.0
4646,2021.0,32,256,HDD,DDR4,B,"15""",No,1045.0
4647,2021.0,8,256,SSD,DDR4,A,"12""",Yes,435.0
4648,2019.0,8,1024,SSD,DDR4,C,"15""",No,535.0
4649,2020.0,32,2000,SSD,DDR4,C,"14""",No,995.0
4650,2017.0,16,256,HDD,DDR4,C,"15""",No,665.0
4651,2021.0,8,256,SSD,DDR4,C,"14""",No,465.0
4652,2020.0,16,512,SSD,DDR4,C,"15""",No,695.0
4653,2017.0,8,1024,SSD,DDR4,C,"12""",No,435.0
4654,2020.0,8,128,SSD,DDR4,C,"12""",No,335.0
4655,2018.0,16,1024,SSD,DDR4,C,"14""",No,605.0
4656,2019.0,4,512,SSD,DDR4,A,"14""",No,455.0
4657,2020.0,32,2000,SSD,DDR4,C,"15""",No,1165.0
4658,2020.0,4,512,HDD,DDR4,B,"14""",No,345.0
4659,2020.0,8,256,SSD,DDR4,A,"12""",No,425.0
4660,2018.0,8,256,SSD,DDR4,C,"14""",No,425.0
4661,2020.0,8,512,HDD,DDR4,A,"15""",No,535.0
4662,2022.0,8,128,HDD,DDR4,A,"12""",No,385.0
4663,2024.0,12,2000,HDD,DDR4,B,"15""",Yes,705.0
4664,2019.0,16,512,SSD,DDR4,B,"16""",No,705.0
4665,2020.0,8,512,SSD,DDR4,,"15""",No,575.0
4666,2015.0,8,2000,HDD,DDR3,C,"14""",No,405.0
4667,2017.0,12,512,HDD,DDR4,C,"15""",No,565.0
4668,2021.0,16,512,HDD,DDR4,B,"12""",No,575.0
4669,2019.0,8,1024,HDD,DDR4,C,"16""",No,495.0
4670,2018.0,16,256,SSD,DDR4,C,"12""",No,615.0
4671,2020.0,6,256,SSD,DDR4,A,"12""",No,405.0
4672,2017.0,8,256,HDD,DDR4,C,"12""",No,285.0
4673,2019.0,8,120,SSD,DDR4,C,"15""",No,485.0
4674,2022.0,4,512,HDD,DDR4,B,"16""",No,425.0
4675,2021.0,16,256,SSD,DDR4,A,"15""",No,725.0
4676,2020.0,32,1024,SSD,DDR4,C,"14""",No,1095.0
4677,2019.0,4,512,SSD,DDR4,C,"15""",No,425.0
4678,2019.0,6,512,HDD,DDR4,C,"12""",No,325.0
4679,2018.0,6,256,SSD,DDR4,C,"12""",No,325.0
4680,2019.0,6,256,SSD,DDR4,C,"14""",No,335.0
4681,2023.0,8,512,SSD,DDR4,A,"15""",No,445.0
4682,2015.0,32,128,SSD,DDR3,C,"15""",No,685.0
4683,2018.0,4,256,SSD,DDR4,C,"15""",No,315.0
4684,2018.0,4,256,SSD,DDR4,C,"15""",No,315.0
4685,2019.0,12,512,SSD,DDR4,C,"16""",No,565.0
4686,2020.0,16,1024,SSD,DDR4,C,"12""",Yes,725.0
4687,2019.0,16,256,SSD,DDR4,C,"12""",No,585.0
4688,2022.0,8,512,HDD,DDR4,C,"14""",No,525.0
4689,2019.0,8,512,SSD,DDR4,C,"15""",No,495.0
4690,2017.0,8,512,SSD,DDR4,C,"14""",No,525.0
4691,2018.0,32,256,SSD,DDR4,C,"15""",No,1175.0
4692,2020.0,8,128,SSD,DDR4,B,"15""",No,465.0
4693,2017.0,4,128,SSD,DDR4,C,"15""",No,305.0
4694,2019.0,16,128,SSD,DDR4,C,"16""",No,565.0
4695,2019.0,8,256,SSD,DDR4,C,"12""",No,395.0
4696,2018.0,16,1024,SSD,DDR4,C,"15""",No,635.0
4697,2022.0,8,256,HDD,DDR4,B,"12""",No,455.0
4698,2022.0,4,512,SSD,DDR4,B,"15""",No,445.0
4699,2017.0,8,128,SSD,DDR4,C,"12""",No,435.0
4700,2018.0,8,512,HDD,DDR4,C,"15""",No,375.0
4701,2020.0,16,512,HDD,DDR4,B,"12""",No,565.0
4702,2021.0,12,256,HDD,DDR4,A,"15""",No,595.0
4703,2020.0,32,256,SSD,DDR4,C,"15""",No,915.0
4704,2019.0,16,256,SSD,DDR4,A,"16""",No,825.0
4705,,8,256,SSD,DDR4,C,"14""",No,445.0
4706,2016.0,16,512,HDD,DDR4,C,"15""",No,695.0
4707,2018.0,8,128,SSD,DDR4,C,"15""",No,465.0
4708,2021.0,16,256,SSD,DDR4,A,"15""",No,825.0
4709,2019.0,8,1024,SSD,DDR4,C,"16""",No,555.0
4710,2021.0,8,512,HDD,DDR4,C,"14""",No,405.0
4711,2015.0,8,128,SSD,DDR3,A,"15""",No,495.0
4712,2019.0,4,512,SSD,DDR4,B,"15""",No,435.0
4713,2019.0,8,128,SSD,DDR4,C,"14""",No,425.0
4714,2018.0,8,512,SSD,DDR4,C,"12""",No,405.0
4715,2021.0,8,256,SSD,DDR4,C,"14""",No,335.0
4716,2019.0,8,256,SSD,DDR4,C,"14""",No,395.0
4717,2016.0,8,1024,HDD,DDR4,C,"14""",No,455.0
4718,2016.0,8,256,HDD,DDR4,C,"12""",No,405.0
4719,2018.0,4,1024,SSD,DDR4,B,"15""",No,435.0
4720,2017.0,8,512,HDD,DDR4,C,"12""",No,435.0
4721,2021.0,16,512,SSD,DDR4,C,"15""",No,745.0
4722,2023.0,8,512,SSD,DDR4,B,"14""",No,515.0
4723,2021.0,8,512,SSD,DDR4,A,"14""",No,515.0
4724,2021.0,8,256,HDD,DDR4,,"12""",No,385.0
4725,2019.0,8,256,SSD,DDR4,C,"12""",No,405.0
4726,2018.0,8,1024,SSD,DDR4,C,"12""",No,455.0
4727,2018.0,8,512,SSD,DDR4,B,"14""",No,565.0
4728,2020.0,8,256,SSD,DDR4,C,"12""",No,355.0
4729,2021.0,16,128,SSD,DDR4,A,"15""",No,665.0
4730,2016.0,8,1024,HDD,DDR4,A,"15""",No,525.0
4731,,8,256,HDD,DDR4,B,"12""",No,415.0
4732,2021.0,8,256,SSD,DDR4,A,"16""",No,545.0
4733,2019.0,32,256,SSD,DDR4,A,"14""",No,1145.0
4734,2015.0,16,512,HDD,DDR3,A,"12""",No,515.0
4735,2018.0,16,512,SSD,DDR4,C,"15""",No,755.0
4736,2021.0,8,1024,SSD,DDR4,C,"12""",No,385.0
4737,2015.0,8,256,SSD,DDR3,C,"15""",No,355.0
4738,2018.0,8,512,HDD,DDR4,B,"14""",No,495.0
4739,2016.0,8,512,HDD,DDR4,C,"12""",No,385.0
4740,2016.0,4,256,HDD,DDR4,C,"15""",No,355.0
4741,,16,120,HDD,DDR4,B,"16""",No,645.0
4742,2018.0,32,512,SSD,DDR4,C,"12""",No,1085.0
4743,2016.0,16,120,HDD,DDR4,C,"14""",No,625.0
4744,2021.0,4,512,HDD,DDR4,A,"14""",No,415.0
4745,2021.0,12,1024,SSD,DDR4,A,"12""",Yes,665.0
4746,2019.0,8,1024,SSD,DDR4,A,"14""",No,575.0
4747,2019.0,16,128,SSD,DDR4,C,"15""",No,595.0
4748,2019.0,16,256,SSD,DDR4,C,"14""",No,715.0
4749,2014.0,8,1024,HDD,DDR3,C,"15""",No,385.0
4750,2017.0,8,256,SSD,DDR4,C,"15""",No,505.0
4751,2016.0,32,1024,SSD,DDR4,C,"15""",No,1065.0
4752,2016.0,16,128,SSD,DDR4,C,"15""",No,575.0
4753,2018.0,16,512,SSD,DDR4,C,"15""",No,565.0
4754,2018.0,4,256,SSD,DDR4,C,"15""",No,295.0
4755,2020.0,8,1024,SSD,DDR4,C,"12""",No,445.0
4756,2019.0,16,256,SSD,DDR4,C,"14""",No,645.0
4757,2023.0,8,512,SSD,DDR4,B,"15""",Yes,525.0
4758,2019.0,4,512,SSD,DDR4,C,"14""",No,305.0
4759,2018.0,32,256,HDD,DDR4,C,"14""",No,855.0
4760,2021.0,4,256,SSD,DDR4,C,"14""",No,275.0
4761,2021.0,8,256,HDD,DDR4,A,"15""",No,445.0
4762,2021.0,32,512,SSD,DDR4,A,"14""",No,1035.0
4763,2021.0,4,2000,SSD,DDR4,A,"14""",No,445.0
4764,2022.0,4,256,SSD,DDR4,A,"12""",No,285.0
4765,2020.0,4,512,SSD,DDR4,A,"12""",No,325.0
4766,2019.0,8,256,SSD,DDR4,C,"12""",No,375.0
4767,2017.0,4,256,SSD,DDR4,C,"14""",No,325.0
4768,2020.0,32,512,SSD,DDR4,B,"15""",No,1155.0
4769,2017.0,4,120,SSD,DDR4,C,"12""",No,295.0
4770,2021.0,8,128,SSD,DDR4,C,"15""",Yes,425.0
4771,2019.0,8,512,SSD,DDR4,A,"16""",No,535.0
4772,2019.0,8,256,HDD,DDR4,C,"14""",No,385.0
4773,2019.0,16,256,HDD,DDR4,C,"14""",No,635.0
4774,2018.0,8,512,SSD,DDR4,A,"15""",No,585.0
4775,2015.0,4,120,HDD,DDR3,C,"15""",No,265.0
4776,2016.0,12,512,HDD,DDR4,C,"14""",No,545.0
4777,2017.0,8,120,SSD,DDR4,C,"12""",No,385.0
4778,2018.0,16,256,SSD,DDR4,C,"14""",No,665.0
4779,2017.0,16,2000,HDD,DDR4,A,"12""",No,755.0
4780,2016.0,8,512,HDD,DDR4,C,"12""",No,435.0
4781,2021.0,32,256,HDD,DDR4,A,"12""",No,895.0
4782,2023.0,32,2000,SSD,DDR4,A,"15""",No,1105.0
4783,2021.0,8,120,SSD,DDR4,C,"12""",Yes,345.0
4784,2017.0,4,1024,SSD,DDR4,A,"15""",No,475.0
4785,2020.0,32,2000,HDD,DDR4,A,"16""",No,1395.0
4786,2017.0,8,120,SSD,DDR4,C,"15""",No,465.0
4787,2018.0,4,512,SSD,DDR4,C,"15""",No,415.0
4788,2021.0,8,256,SSD,DDR4,A,"14""",No,395.0
4789,2017.0,6,1024,SSD,DDR4,A,"12""",No,435.0
4790,,16,256,SSD,DDR4,A,"15""",No,665.0
4791,2021.0,16,256,SSD,DDR4,B,"15""",No,645.0
4792,2020.0,16,256,SSD,DDR4,,"15""",No,545.0
4793,2017.0,16,512,HDD,DDR4,A,"14""",No,755.0
4794,2015.0,16,256,HDD,DDR3,C,"15""",No,435.0
4795,2020.0,16,512,HDD,DDR4,B,"14""",Yes,835.0
4796,2019.0,32,256,HDD,DDR4,C,"15""",No,885.0
4797,2016.0,8,512,HDD,DDR4,A,"14""",No,465.0
4798,2017.0,4,1024,HDD,DDR4,B,"12""",No,385.0
4799,2019.0,4,1024,SSD,DDR4,C,"15""",No,355.0
4800,2018.0,4,256,SSD,DDR4,C,"15""",No,305.0
4801,2019.0,8,512,SSD,DDR4,C,"15""",No,485.0
4802,2016.0,16,120,HDD,DDR4,C,"15""",No,555.0
4803,2018.0,4,1024,SSD,DDR4,C,"15""",No,415.0
4804,2022.0,8,256,SSD,DDR4,C,"15""",Yes,475.0
4805,2018.0,16,1024,SSD,DDR4,A,"12""",No,765.0
4806,2019.0,32,1024,HDD,DDR4,A,"14""",No,1275.0
4807,2020.0,8,1024,SSD,DDR4,C,"16""",No,585.0
4808,2020.0,8,512,SSD,DDR4,C,"14""",No,425.0
4809,2018.0,8,512,HDD,DDR4,A,"14""",No,465.0
4810,2013.0,8,256,HDD,DDR3,C,"15""",No,355.0
4811,2017.0,16,128,SSD,DDR4,B,"15""",No,615.0
4812,2019.0,6,256,SSD,DDR4,C,"14""",No,375.0
4813,2015.0,8,512,SSD,DDR3,A,"15""",No,505.0
4814,2020.0,8,120,HDD,DDR4,A,"15""",No,505.0
4815,2019.0,4,256,HDD,DDR4,C,"16""",No,355.0
4816,2023.0,6,512,HDD,DDR4,C,"15""",No,445.0
4817,2020.0,8,1024,SSD,DDR4,C,"12""",No,435.0
4818,2019.0,32,512,SSD,DDR4,A,"15""",No,1315.0
4819,2022.0,8,256,SSD,DDR4,C,"15""",No,425.0
4820,2018.0,8,512,SSD,DDR4,C,"14""",No,445.0
4821,2016.0,8,1024,HDD,DDR4,C,"15""",No,465.0
4822,2018.0,8,128,HDD,DDR4,A,"14""",No,445.0
4823,2019.0,8,256,SSD,DDR4,C,"12""",No,355.0
4824,2021.0,16,512,HDD,DDR4,B,"16""",No,655.0
4825,2022.0,16,512,SSD,DDR4,C,"14""",No,625.0
4826,2021.0,8,512,HDD,DDR4,A,"15""",No,515.0
4827,2019.0,8,256,SSD,DDR4,C,"15""",No,415.0
4828,2020.0,4,128,SSD,DDR4,C,"15""",No,295.0
4829,2021.0,8,512,SSD,DDR4,C,"15""",No,475.0
4830,2016.0,4,1024,SSD,DDR4,C,"15""",No,415.0
4831,2019.0,8,512,SSD,DDR4,,"15""",No,475.0
4832,2020.0,32,256,SSD,DDR4,C,"15""",Yes,865.0
4833,2020.0,8,256,SSD,DDR4,C,"15""",No,365.0
4834,2017.0,32,256,HDD,DDR4,C,"15""",No,965.0
4835,2018.0,8,512,SSD,DDR4,C,"12""",No,375.0
4836,2016.0,8,120,SSD,DDR4,C,"15""",No,405.0
4837,2015.0,16,512,HDD,DDR3,C,"15""",No,525.0
4838,2020.0,8,120,HDD,DDR4,A,"14""",No,505.0
4839,2018.0,8,256,HDD,DDR4,C,"15""",No,455.0
4840,2015.0,4,256,SSD,DDR3,C,"14""",No,345.0
4841,2016.0,16,256,SSD,DDR4,C,"12""",No,545.0
4842,2017.0,8,512,SSD,DDR4,C,"14""",No,455.0
4843,2021.0,8,128,SSD,DDR4,A,"16""",No,515.0
4844,2020.0,8,256,SSD,DDR4,B,"12""",No,345.0
4845,2020.0,8,256,SSD,DDR4,C,"15""",No,495.0
4846,2020.0,16,128,HDD,DDR4,C,"15""",No,645.0
4847,2017.0,12,512,HDD,DDR4,C,"14""",No,565.0
4848,2021.0,16,120,SSD,DDR4,C,"15""",No,565.0
4849,2017.0,32,1024,SSD,DDR4,C,"14""",No,885.0
4850,2019.0,16,128,SSD,DDR4,B,"12""",No,485.0
4851,2018.0,8,256,SSD,DDR4,C,"15""",No,405.0
4852,2019.0,32,512,SSD,DDR4,C,"14""",No,1135.0
4853,2020.0,8,2000,HDD,DDR4,B,"15""",No,535.0
4854,2020.0,12,2000,HDD,DDR4,A,"15""",No,725.0
4855,2017.0,8,512,SSD,DDR4,C,"15""",No,445.0
4856,2020.0,16,256,SSD,DDR4,C,"15""",Yes,705.0
4857,2018.0,8,1024,SSD,DDR4,C,"15""",No,505.0
4858,2019.0,8,1024,SSD,DDR4,C,"14""",No,495.0
4859,2017.0,4,128,HDD,DDR4,C,"15""",No,375.0
4860,2020.0,4,512,SSD,DDR4,C,"15""",No,325.0
4861,2019.0,32,256,SSD,DDR4,C,"15""",No,875.0
4862,2020.0,8,1024,SSD,DDR4,A,"14""",No,605.0
4863,2020.0,16,128,SSD,DDR4,C,"15""",No,615.0
4864,2022.0,8,256,SSD,DDR4,A,"15""",No,575.0
4865,2017.0,16,512,HDD,DDR4,C,"14""",No,555.0
4866,2019.0,8,256,SSD,DDR4,C,"15""",No,535.0
4867,2019.0,16,256,HDD,DDR4,C,"12""",No,495.0
4868,2015.0,32,512,HDD,DDR3,C,"14""",No,685.0
4869,2018.0,16,128,HDD,DDR4,A,"12""",No,755.0
4870,2016.0,16,512,HDD,DDR4,C,"12""",No,535.0
4871,2017.0,4,256,HDD,DDR4,C,"14""",No,345.0
4872,2016.0,4,256,HDD,DDR4,C,"15""",No,315.0
4873,2019.0,16,512,SSD,DDR4,C,"14""",No,615.0
4874,2019.0,8,256,SSD,DDR4,C,"15""",No,475.0
4875,2018.0,8,1024,HDD,DDR4,C,"14""",No,505.0
4876,2020.0,16,128,SSD,DDR4,A,"15""",No,595.0
4877,2020.0,16,256,SSD,DDR4,C,"16""",No,675.0
4878,2022.0,16,512,SSD,DDR4,C,"14""",No,595.0
4879,2021.0,32,128,SSD,DDR4,B,"12""",No,925.0
4880,2020.0,8,512,SSD,DDR4,C,"14""",No,445.0
4881,2019.0,8,256,SSD,DDR4,C,"15""",No,385.0
4882,2020.0,4,1024,HDD,DDR4,A,"14""",No,415.0
4883,2022.0,6,256,SSD,DDR4,C,"15""",No,425.0
4884,2021.0,32,256,SSD,DDR4,A,"16""",No,1325.0
4885,2018.0,16,256,SSD,DDR4,A,"14""",No,695.0
4886,2020.0,8,512,SSD,DDR4,C,"15""",No,465.0
4887,2018.0,8,256,SSD,DDR4,C,"15""",No,455.0
4888,2016.0,8,128,SSD,DDR4,C,"15""",No,465.0
4889,2021.0,8,128,HDD,DDR4,A,"15""",No,465.0
4890,2021.0,4,128,HDD,DDR4,C,"14""",No,265.0
4891,2022.0,8,512,HDD,DDR4,A,"14""",No,395.0
4892,2019.0,8,128,SSD,DDR4,B,"15""",No,515.0
4893,2020.0,8,256,SSD,DDR4,C,"15""",No,515.0
4894,2021.0,32,512,HDD,DDR4,A,"12""",No,895.0
4895,2018.0,8,512,HDD,DDR4,C,"12""",No,345.0
4896,2019.0,8,1024,HDD,DDR4,C,"12""",No,425.0
4897,2022.0,6,256,SSD,DDR4,A,"16""",No,535.0
4898,2019.0,16,512,SSD,DDR4,C,"12""",No,625.0
4899,2019.0,16,256,HDD,DDR4,B,"14""",No,655.0
4900,2018.0,4,512,SSD,DDR4,C,"15""",No,385.0
4901,2019.0,8,120,SSD,DDR4,C,"12""",No,405.0
4902,2018.0,12,256,SSD,DDR4,A,"15""",No,615.0
4903,2016.0,4,1024,HDD,DDR4,C,"15""",No,395.0
4904,2020.0,8,256,SSD,DDR4,C,"14""",Yes,435.0
4905,2018.0,8,1024,SSD,DDR4,C,"15""",No,515.0
4906,2020.0,4,512,HDD,DDR4,A,"14""",No,415.0
4907,2020.0,8,256,HDD,DDR4,C,"12""",No,355.0
4908,2023.0,8,512,HDD,DDR4,C,"12""",No,335.0
4909,2020.0,8,512,SSD,DDR4,A,"12""",No,515.0
4910,2017.0,8,512,HDD,DDR4,C,"15""",No,425.0
4911,2019.0,6,1024,HDD,DDR4,B,"15""",No,475.0
4912,2020.0,32,128,HDD,DDR4,B,"16""",No,1175.0
4913,2022.0,4,512,HDD,DDR4,B,"14""",No,415.0
4914,2016.0,16,512,HDD,DDR4,A,"15""",No,895.0
4915,2017.0,8,2000,HDD,DDR4,C,"12""",No,475.0
4916,2018.0,32,128,SSD,DDR4,C,"12""",No,725.0
4917,2021.0,16,512,SSD,DDR4,A,"14""",No,845.0
4918,2020.0,8,256,SSD,DDR4,C,"12""",Yes,355.0
4919,2014.0,6,512,HDD,DDR3,C,"14""",No,375.0
4920,2018.0,4,256,SSD,DDR4,C,"15""",No,365.0
4921,2023.0,4,256,SSD,DDR4,C,"12""",No,315.0
4922,2018.0,4,2000,SSD,DDR4,B,"15""",No,445.0
4923,2021.0,4,512,SSD,DDR4,A,"16""",No,425.0
4924,2020.0,8,1024,SSD,DDR4,C,"14""",No,475.0
4925,2019.0,16,128,SSD,DDR4,C,"15""",No,725.0
4926,2019.0,8,512,SSD,DDR4,C,"14""",No,475.0
4927,2017.0,16,512,HDD,DDR4,C,"14""",No,685.0
4928,2018.0,4,512,SSD,DDR4,B,"14""",No,395.0
4929,2021.0,8,256,SSD,DDR4,C,"14""",No,355.0
4930,2020.0,16,128,SSD,DDR4,C,"15""",No,605.0
4931,2015.0,16,512,SSD,DDR3,C,"15""",No,525.0
4932,2020.0,16,256,SSD,DDR4,C,"16""",Yes,675.0
4933,2018.0,4,120,HDD,DDR4,C,"15""",No,365.0
4934,2021.0,8,256,SSD,DDR4,A,"14""",No,595.0
4935,2019.0,4,512,HDD,DDR4,A,"14""",No,345.0
4936,2018.0,4,256,SSD,DDR4,C,"15""",No,305.0
4937,2019.0,8,256,SSD,DDR4,A,"14""",No,415.0
4938,2021.0,16,1024,HDD,DDR4,A,"15""",No,755.0
4939,2023.0,8,256,SSD,DDR4,A,"16""",No,575.0
4940,2022.0,8,2000,SSD,DDR4,C,"12""",No,445.0
4941,2017.0,8,256,HDD,DDR4,B,"15""",No,525.0
4942,2022.0,8,256,HDD,DDR4,C,"15""",No,505.0
4943,2021.0,8,256,HDD,DDR4,,"14""",No,415.0
4944,2018.0,32,1024,SSD,DDR4,C,"15""",No,1025.0
4945,2022.0,8,1024,SSD,DDR4,A,"14""",Yes,655.0
4946,2020.0,8,512,SSD,DDR4,C,"16""",No,545.0
4947,2022.0,8,256,SSD,DDR4,A,"16""",No,485.0
4948,2020.0,12,128,SSD,DDR4,C,"12""",No,505.0
4949,2021.0,8,120,HDD,DDR4,B,"15""",No,425.0
4950,2018.0,8,256,SSD,DDR4,A,"15""",No,605.0
4951,2018.0,4,512,HDD,DDR4,C,"14""",No,385.0
4952,2019.0,4,512,HDD,DDR4,A,"15""",No,385.0
4953,2018.0,8,512,SSD,DDR4,C,"12""",No,465.0
4954,2018.0,8,256,SSD,DDR4,C,"12""",No,395.0
4955,2020.0,8,256,SSD,DDR4,A,"15""",Yes,715.0
4956,2019.0,8,2000,SSD,DDR4,C,"15""",No,445.0
4957,2016.0,16,512,HDD,DDR4,C,"15""",No,605.0
4958,2020.0,8,128,SSD,DDR4,C,"15""",No,395.0
4959,2013.0,12,128,HDD,DDR3,C,"15""",No,415.0
4960,2019.0,8,128,HDD,DDR4,C,"14""",No,355.0
4961,2012.0,16,128,HDD,DDR3,C,"15""",No,485.0
4962,2020.0,12,256,SSD,DDR4,C,"15""",No,585.0
4963,2016.0,8,256,HDD,DDR4,C,"14""",No,445.0
4964,2019.0,4,256,SSD,DDR4,C,"15""",No,335.0
4965,2015.0,16,512,SSD,DDR3,A,"12""",No,445.0
4966,2022.0,8,128,SSD,DDR4,C,"15""",Yes,445.0
4967,2015.0,8,256,HDD,DDR3,C,"15""",No,315.0
4968,2021.0,4,256,SSD,DDR4,A,"12""",No,335.0
4969,2023.0,8,1024,SSD,DDR4,C,"14""",Yes,575.0
4970,2019.0,8,256,HDD,DDR4,A,"16""",No,545.0
4971,2019.0,16,256,HDD,DDR4,C,"14""",No,645.0
4972,2017.0,8,256,SSD,DDR4,C,"14""",No,465.0
4973,2018.0,8,256,SSD,DDR4,C,"15""",No,465.0
4974,2018.0,8,512,SSD,DDR4,C,"15""",No,515.0
4975,2022.0,6,2000,SSD,DDR4,B,"16""",No,535.0
4976,2017.0,8,256,SSD,DDR4,C,"12""",No,315.0
4977,2018.0,8,256,HDD,DDR4,C,"15""",No,465.0
4978,2015.0,6,512,SSD,DDR3,C,"15""",No,355.0
4979,2021.0,16,2000,SSD,DDR4,C,"14""",No,735.0
4980,2020.0,4,512,SSD,DDR4,C,"12""",No,315.0
4981,2017.0,8,512,HDD,DDR4,C,"15""",No,485.0
4982,2019.0,16,120,SSD,DDR4,A,"15""",No,745.0
4983,2019.0,16,256,HDD,DDR4,C,"12""",No,535.0
4984,2018.0,8,512,SSD,DDR4,C,"15""",No,555.0
4985,2021.0,8,1024,SSD,DDR4,A,"12""",Yes,455.0
4986,2019.0,4,256,SSD,DDR4,C,"14""",No,305.0
4987,2020.0,8,120,SSD,DDR4,B,"15""",No,515.0
4988,2021.0,4,120,SSD,DDR4,A,"15""",No,355.0
4989,2018.0,6,256,SSD,DDR4,B,"12""",No,385.0
4990,2017.0,32,1024,HDD,DDR4,C,"12""",No,925.0
4991,2019.0,16,2000,HDD,DDR4,C,"14""",No,775.0
4992,2014.0,4,256,HDD,DDR3,C,"15""",No,255.0
4993,2019.0,8,512,HDD,DDR4,A,"15""",No,485.0
4994,2021.0,8,256,HDD,DDR4,A,"15""",Yes,545.0
4995,2020.0,16,256,SSD,DDR4,C,"15""",No,625.0
4996,2020.0,16,512,HDD,DDR4,A,"14""",Yes,705.0
4997,,8,256,SSD,DDR4,A,"12""",No,455.0
4998,2017.0,16,1024,SSD,DDR4,C,"15""",No,725.0
4999,2018.0,4,128,SSD,DDR4,A,"14""",No,335.0
5000,2022.0,8,128,SSD,DDR4,A,"15""",No,505.0
